<?xml version="1.0"?>
<!--Created by exporting the settings of a KryptonPalette instance.-->
<!--For more information about Krypton visit https://github.com/Krypton-Suite/Standard-Toolkit-->
<!--WARNING: Modifying this file may render it invalid for importing.-->
<KryptonPalette Version="18" Generated="Friday, 24 September 2021, 09:15">
  <Properties>
    <ButtonSpecs>
      <FormClose>
        <ColorMap Type="Color" Value="63, 63, 70" />
      </FormClose>
      <FormMin>
        <ColorMap Type="Color" Value="63, 63, 70" />
      </FormMin>
      <FormMax>
        <ColorMap Type="Color" Value="63, 63, 70" />
      </FormMax>
      <FormRestore>
        <ColorMap Type="Color" Value="63, 63, 70" />
      </FormRestore>
    </ButtonSpecs>
    <ButtonStyles>
      <ButtonCommon>
        <StateCommon>
          <Back>
            <Color1 Type="Color" Value="63, 63, 70" />
            <Color2 Type="Color" Value="63, 63, 70" />
          </Back>
          <Border>
            <DrawBorders Type="PaletteDrawBorders" Value="Top,Bottom,Left,Right" />
            <Color1 Type="Color" Value="85, 85, 85" />
            <Color2 Type="Color" Value="85, 85, 85" />
          </Border>
          <Content>
            <ShortText>
              <Color1 Type="Color" Value="241, 241, 241" />
              <Color2 Type="Color" Value="241, 241, 241" />
            </ShortText>
            <LongText>
              <Color1 Type="Color" Value="White" />
            </LongText>
          </Content>
        </StateCommon>
        <StateDisabled>
          <Back>
            <Color1 Type="Color" Value="45, 45, 48" />
            <Color2 Type="Color" Value="45, 45, 48" />
          </Back>
          <Border>
            <DrawBorders Type="PaletteDrawBorders" Value="Top,Bottom,Left,Right" />
            <Color1 Type="Color" Value="63, 63, 70" />
            <Color2 Type="Color" Value="63, 63, 70" />
          </Border>
          <Content>
            <ShortText>
              <Color1 Type="Color" Value="101, 101, 101" />
              <Color2 Type="Color" Value="101, 101, 101" />
            </ShortText>
            <LongText>
              <Color1 Type="Color" Value="101, 101, 101" />
              <Color2 Type="Color" Value="101, 101, 101" />
            </LongText>
          </Content>
        </StateDisabled>
        <StateNormal>
          <Back>
            <Color1 Type="Color" Value="63, 63, 70" />
            <Color2 Type="Color" Value="63, 63, 70" />
          </Back>
          <Border>
            <DrawBorders Type="PaletteDrawBorders" Value="Top,Bottom,Left,Right" />
            <Color1 Type="Color" Value="85, 85, 85" />
            <Color2 Type="Color" Value="85, 85, 85" />
          </Border>
          <Content>
            <ShortText>
              <Color1 Type="Color" Value="241, 241, 241" />
              <Color2 Type="Color" Value="241, 241, 241" />
            </ShortText>
          </Content>
        </StateNormal>
        <StateTracking>
          <Back>
            <Color1 Type="Color" Value="63, 63, 70" />
            <Color2 Type="Color" Value="63, 63, 70" />
          </Back>
          <Border>
            <DrawBorders Type="PaletteDrawBorders" Value="Top,Bottom,Left,Right" />
            <Color1 Type="Color" Value="0, 122, 204" />
            <Color2 Type="Color" Value="0, 122, 204" />
            <ColorStyle Type="PaletteColorStyle" Value="Solid" />
          </Border>
          <Content>
            <ShortText>
              <Color1 Type="Color" Value="241, 241, 241" />
              <Color2 Type="Color" Value="241, 241, 241" />
            </ShortText>
          </Content>
        </StateTracking>
        <StatePressed>
          <Back>
            <Color1 Type="Color" Value="0, 122, 204" />
            <Color2 Type="Color" Value="0, 122, 204" />
          </Back>
          <Border>
            <DrawBorders Type="PaletteDrawBorders" Value="Top,Bottom,Left,Right" />
            <Color1 Type="Color" Value="0, 122, 204" />
            <Color2 Type="Color" Value="0, 102, 204" />
          </Border>
          <Content>
            <ShortText>
              <Color1 Type="Color" Value="241, 241, 241" />
              <Color2 Type="Color" Value="241, 241, 241" />
            </ShortText>
            <LongText>
              <Color1 Type="Color" Value="White" />
            </LongText>
          </Content>
        </StatePressed>
        <StateCheckedNormal>
          <Back>
            <Color1 Type="Color" Value="45, 45, 48" />
            <Color2 Type="Color" Value="45, 45, 48" />
            <ColorStyle Type="PaletteColorStyle" Value="Solid" />
          </Back>
          <Content>
            <ShortText>
              <Color1 Type="Color" Value="White" />
            </ShortText>
            <LongText>
              <Color1 Type="Color" Value="White" />
            </LongText>
          </Content>
        </StateCheckedNormal>
        <StateCheckedTracking>
          <Back>
            <Color1 Type="Color" Value="63, 63, 70" />
            <Color2 Type="Color" Value="63, 63, 70" />
          </Back>
          <Border>
            <DrawBorders Type="PaletteDrawBorders" Value="Top,Bottom,Left,Right" />
          </Border>
          <Content>
            <ShortText>
              <Color1 Type="Color" Value="White" />
            </ShortText>
            <LongText>
              <Color1 Type="Color" Value="White" />
            </LongText>
          </Content>
        </StateCheckedTracking>
        <StateCheckedPressed>
          <Back>
            <Color1 Type="Color" Value="0, 122, 204" />
            <Color2 Type="Color" Value="0, 122, 204" />
            <ColorStyle Type="PaletteColorStyle" Value="Solid" />
          </Back>
          <Border>
            <DrawBorders Type="PaletteDrawBorders" Value="Top,Bottom,Left,Right" />
            <Color1 Type="Color" Value="0, 122, 204" />
            <Color2 Type="Color" Value="0, 122, 204" />
          </Border>
          <Content>
            <ShortText>
              <Color1 Type="Color" Value="White" />
            </ShortText>
            <LongText>
              <Color1 Type="Color" Value="White" />
            </LongText>
          </Content>
        </StateCheckedPressed>
        <OverrideDefault>
          <Back>
            <Color1 Type="Color" Value="45, 45, 48" />
            <Color2 Type="Color" Value="45, 45, 48" />
          </Back>
          <Content>
            <ShortText>
              <Color1 Type="Color" Value="White" />
            </ShortText>
            <LongText>
              <Color1 Type="Color" Value="White" />
            </LongText>
          </Content>
        </OverrideDefault>
      </ButtonCommon>
      <ButtonCluster>
        <StateCommon>
          <Back>
            <ColorStyle Type="PaletteColorStyle" Value="Solid" />
          </Back>
        </StateCommon>
        <StateNormal>
          <Back>
            <Color1 Type="Color" Value="63, 63, 70" />
            <Color2 Type="Color" Value="63, 63, 70" />
          </Back>
          <Border>
            <DrawBorders Type="PaletteDrawBorders" Value="Top,Bottom,Left,Right" />
            <Color1 Type="Color" Value="85, 85, 85" />
            <Color2 Type="Color" Value="85, 85, 85" />
          </Border>
          <Content>
            <ShortText>
              <Color1 Type="Color" Value="241, 241, 241" />
              <Color2 Type="Color" Value="241, 241, 241" />
            </ShortText>
          </Content>
        </StateNormal>
        <StateTracking>
          <Back>
            <Color1 Type="Color" Value="63, 63, 70" />
            <Color2 Type="Color" Value="63, 63, 70" />
          </Back>
          <Border>
            <DrawBorders Type="PaletteDrawBorders" Value="Top,Bottom,Left,Right" />
            <Color1 Type="Color" Value="0, 122, 204" />
            <Color2 Type="Color" Value="0, 122, 204" />
          </Border>
          <Content>
            <ShortText>
              <Color1 Type="Color" Value="241, 241, 241" />
              <Color2 Type="Color" Value="241, 241, 241" />
            </ShortText>
          </Content>
        </StateTracking>
        <StatePressed>
          <Back>
            <Color1 Type="Color" Value="0, 122, 204" />
          </Back>
        </StatePressed>
        <StateCheckedNormal>
          <Back>
            <Color1 Type="Color" Value="45, 45, 48" />
            <ColorStyle Type="PaletteColorStyle" Value="Solid" />
          </Back>
        </StateCheckedNormal>
        <StateCheckedTracking>
          <Back>
            <Color1 Type="Color" Value="0, 122, 204" />
            <Color2 Type="Color" Value="0, 122, 204" />
            <ColorStyle Type="PaletteColorStyle" Value="Solid" />
          </Back>
        </StateCheckedTracking>
        <OverrideDefault>
          <Back>
            <Color1 Type="Color" Value="45, 45, 48" />
          </Back>
        </OverrideDefault>
        <OverrideFocus>
          <Back>
            <Color1 Type="Color" Value="51, 51, 55" />
          </Back>
        </OverrideFocus>
      </ButtonCluster>
      <ButtonNavigatorMini>
        <StatePressed>
          <Back>
            <Color1 Type="Color" Value="14, 122, 192" />
            <Color2 Type="Color" Value="14, 122, 192" />
          </Back>
        </StatePressed>
        <StateCheckedNormal>
          <Back>
            <Color1 Type="Color" Value="14, 122, 192" />
            <Color2 Type="Color" Value="14, 122, 192" />
          </Back>
        </StateCheckedNormal>
      </ButtonNavigatorMini>
      <ButtonForm>
        <StateCommon>
          <Back>
            <ColorStyle Type="PaletteColorStyle" Value="Solid" />
          </Back>
        </StateCommon>
      </ButtonForm>
      <ButtonFormClose>
        <OverrideFocus>
          <Back>
            <Color1 Type="Color" Value="63, 63, 70" />
            <Color2 Type="Color" Value="63, 63, 70" />
            <ColorStyle Type="PaletteColorStyle" Value="Solid" />
          </Back>
        </OverrideFocus>
      </ButtonFormClose>
    </ButtonStyles>
    <CalendarDay>
      <StateTracking>
        <Back>
          <Color1 Type="Color" Value="28, 151, 234" />
          <Color2 Type="Color" Value="28, 151, 234" />
        </Back>
      </StateTracking>
      <StatePressed>
        <Back>
          <Color1 Type="Color" Value="51, 51, 55" />
          <Color2 Type="Color" Value="51, 51, 55" />
        </Back>
      </StatePressed>
    </CalendarDay>
    <Common>
      <StateCommon>
        <Back>
          <Color1 Type="Color" Value="45, 45, 48" />
          <Color2 Type="Color" Value="45, 45, 48" />
        </Back>
        <Border>
          <DrawBorders Type="PaletteDrawBorders" Value="Top,Bottom,Left,Right" />
          <Color1 Type="Color" Value="45, 45, 48" />
          <Color2 Type="Color" Value="45, 45, 48" />
        </Border>
        <Content>
          <ShortText>
            <Color1 Type="Color" Value="White" />
            <Color2 Type="Color" Value="White" />
          </ShortText>
          <LongText>
            <Color1 Type="Color" Value="White" />
            <Color2 Type="Color" Value="White" />
          </LongText>
        </Content>
      </StateCommon>
    </Common>
    <ContextMenu>
      <StateCommon>
        <ControlInner>
          <Back>
            <Color1 Type="Color" Value="63, 63, 70" />
            <Color2 Type="Color" Value="63, 63, 70" />
            <ColorStyle Type="PaletteColorStyle" Value="Solid" />
          </Back>
        </ControlInner>
      </StateCommon>
    </ContextMenu>
    <FormStyles>
      <FormCommon>
        <StateActive>
          <Back>
            <Color1 Type="Color" Value="45, 45, 48" />
            <ColorStyle Type="PaletteColorStyle" Value="Solid" />
          </Back>
          <Border>
            <DrawBorders Type="PaletteDrawBorders" Value="Top,Bottom,Left,Right" />
          </Border>
        </StateActive>
      </FormCommon>
    </FormStyles>
    <HeaderStyles>
      <HeaderCommon>
        <StateCommon>
          <Back>
            <Color1 Type="Color" Value="14, 122, 192" />
            <Color2 Type="Color" Value="14, 122, 192" />
          </Back>
        </StateCommon>
        <StateDisabled>
          <Back>
            <Color1 Type="Color" Value="45, 45, 48" />
            <Color2 Type="Color" Value="45, 45, 48" />
          </Back>
          <Content>
            <ShortText>
              <Color1 Type="Color" Value="Gray" />
              <Color2 Type="Color" Value="Gray" />
            </ShortText>
            <LongText>
              <Color1 Type="Color" Value="Gray" />
              <Color2 Type="Color" Value="45, 45, 48" />
            </LongText>
          </Content>
        </StateDisabled>
      </HeaderCommon>
      <HeaderForm>
        <StateCommon>
          <Back>
            <Color1 Type="Color" Value="45, 45, 48" />
            <Color2 Type="Color" Value="45, 45, 48" />
          </Back>
        </StateCommon>
        <StateDisabled>
          <Back>
            <Color1 Type="Color" Value="45, 45, 48" />
            <Color2 Type="Color" Value="45, 45, 48" />
          </Back>
          <Content>
            <ShortText>
              <Color1 Type="Color" Value="White" />
            </ShortText>
            <LongText>
              <Color1 Type="Color" Value="White" />
            </LongText>
          </Content>
        </StateDisabled>
      </HeaderForm>
    </HeaderStyles>
    <GridStyles>
      <GridCommon>
        <StateDisabled>
          <DataCell>
            <Back>
              <Color1 Type="Color" Value="84, 84, 84" />
              <Color2 Type="Color" Value="94, 94, 94" />
            </Back>
            <Content>
              <Color1 Type="Color" Value="White" />
              <Color2 Type="Color" Value="White" />
            </Content>
          </DataCell>
        </StateDisabled>
        <StateNormal>
          <DataCell>
            <Back>
              <Color1 Type="Color" Value="64, 64, 64" />
              <Color2 Type="Color" Value="74, 74, 74" />
            </Back>
            <Content>
              <Color1 Type="Color" Value="White" />
              <Color2 Type="Color" Value="White" />
            </Content>
          </DataCell>
        </StateNormal>
      </GridCommon>
      <GridSheet>
        <StateCommon>
          <HeaderColumn>
            <Content>
              <Color1 Type="Color" Value="45, 45, 48" />
            </Content>
          </HeaderColumn>
          <HeaderRow>
            <Content>
              <Color1 Type="Color" Value="45, 45, 48" />
            </Content>
          </HeaderRow>
        </StateCommon>
        <StateNormal>
          <HeaderColumn>
            <Content>
              <Color1 Type="Color" Value="White" />
              <Color2 Type="Color" Value="White" />
            </Content>
          </HeaderColumn>
          <HeaderRow>
            <Content>
              <Color1 Type="Color" Value="White" />
            </Content>
          </HeaderRow>
        </StateNormal>
        <StateTracking>
          <HeaderColumn>
            <Content>
              <Color1 Type="Color" Value="104, 17, 19" />
            </Content>
          </HeaderColumn>
        </StateTracking>
      </GridSheet>
      <GridCustom1>
        <StateCommon>
          <HeaderColumn>
            <Back>
              <Color1 Type="Color" Value="Yellow" />
            </Back>
            <Content>
              <Color1 Type="Color" Value="ControlText" />
            </Content>
          </HeaderColumn>
        </StateCommon>
      </GridCustom1>
      <GridCustom2>
        <StateCommon>
          <HeaderColumn>
            <Back>
              <Color1 Type="Color" Value="255, 192, 192" />
            </Back>
            <Content>
              <Color1 Type="Color" Value="ControlText" />
            </Content>
          </HeaderColumn>
        </StateCommon>
        <StateNormal>
          <DataCell>
            <Back>
              <Color1 Type="Color" Value="150, 102, 102" />
            </Back>
            <Content>
              <Color1 Type="Color" Value="White" />
            </Content>
          </DataCell>
        </StateNormal>
      </GridCustom2>
      <GridCustom3>
        <StateCommon>
          <HeaderColumn>
            <Back>
              <Color1 Type="Color" Value="White" />
            </Back>
            <Content>
              <Color1 Type="Color" Value="ControlText" />
            </Content>
          </HeaderColumn>
        </StateCommon>
        <StateNormal>
          <DataCell>
            <Back>
              <Color1 Type="Color" Value="White" />
            </Back>
            <Content>
              <Color1 Type="Color" Value="ControlText" />
            </Content>
          </DataCell>
        </StateNormal>
      </GridCustom3>
    </GridStyles>
    <InputControlStyles>
      <InputControlCommon>
        <StateCommon>
          <Back>
            <Color1 Type="Color" Value="51, 51, 55" />
            <Color2 Type="Color" Value="51, 51, 55" />
          </Back>
          <Border>
            <DrawBorders Type="PaletteDrawBorders" Value="Top,Bottom,Left,Right" />
            <Color1 Type="Color" Value="67, 67, 70" />
            <Color2 Type="Color" Value="67, 67, 70" />
          </Border>
          <Content>
            <ShortText>
              <Color1 Type="Color" Value="White" />
            </ShortText>
          </Content>
        </StateCommon>
        <StateDisabled>
          <Back>
            <Color1 Type="Color" Value="45, 45, 48" />
            <Color2 Type="Color" Value="45, 45, 48" />
          </Back>
          <Border>
            <DrawBorders Type="PaletteDrawBorders" Value="Top,Bottom,Left,Right" />
            <Color1 Type="Color" Value="67, 67, 70" />
            <Color2 Type="Color" Value="67, 67, 70" />
          </Border>
          <Content>
            <ShortText>
              <Color1 Type="Color" Value="101, 101, 101" />
              <Color2 Type="Color" Value="101, 101, 101" />
            </ShortText>
          </Content>
        </StateDisabled>
        <StateNormal>
          <Back>
            <Color1 Type="Color" Value="51, 51, 55" />
            <Color2 Type="Color" Value="51, 51, 55" />
          </Back>
          <Border>
            <DrawBorders Type="PaletteDrawBorders" Value="Top,Bottom,Left,Right" />
            <Color1 Type="Color" Value="67, 67, 70" />
            <Color2 Type="Color" Value="67, 67, 70" />
          </Border>
          <Content>
            <ShortText>
              <Color1 Type="Color" Value="241, 241, 241" />
              <Color2 Type="Color" Value="241, 241, 241" />
            </ShortText>
          </Content>
        </StateNormal>
        <StateActive>
          <Back>
            <Color1 Type="Color" Value="63, 63, 70" />
            <Color2 Type="Color" Value="63, 63, 70" />
          </Back>
          <Border>
            <DrawBorders Type="PaletteDrawBorders" Value="Top,Bottom,Left,Right" />
            <Color1 Type="Color" Value="0, 122, 204" />
            <Color2 Type="Color" Value="0, 122, 204" />
          </Border>
        </StateActive>
      </InputControlCommon>
    </InputControlStyles>
    <LabelStyles>
      <LabelNormalControl>
        <StateDisabled>
          <ShortText>
            <Color1 Type="Color" Value="Gray" />
          </ShortText>
          <LongText>
            <Color1 Type="Color" Value="Gray" />
          </LongText>
        </StateDisabled>
        <StateNormal>
          <ShortText>
            <Color1 Type="Color" Value="White" />
          </ShortText>
          <LongText>
            <Color1 Type="Color" Value="White" />
          </LongText>
        </StateNormal>
        <OverrideVisited>
          <ShortText>
            <Color1 Type="Color" Value="Purple" />
          </ShortText>
          <LongText>
            <Color1 Type="Color" Value="35, 166, 232" />
          </LongText>
        </OverrideVisited>
        <OverrideNotVisited>
          <ShortText>
            <Color1 Type="Color" Value="Blue" />
          </ShortText>
          <LongText>
            <Color1 Type="Color" Value="White" />
          </LongText>
        </OverrideNotVisited>
        <OverridePressed>
          <ShortText>
            <Color1 Type="Color" Value="Red" />
          </ShortText>
          <LongText>
            <Color1 Type="Color" Value="White" />
          </LongText>
        </OverridePressed>
      </LabelNormalControl>
    </LabelStyles>
    <Ribbon>
      <RibbonAppButton>
        <StateCommon>
          <BackColor2 Type="Color" Value="45, 45, 48" />
          <BackColor3 Type="Color" Value="45, 45, 48" />
          <BackColor5 Type="Color" Value="45, 45, 48" />
        </StateCommon>
        <StateTracking>
          <BackColor5 Type="Color" Value="0, 122, 205" />
        </StateTracking>
        <StatePressed>
          <BackColor5 Type="Color" Value="0, 122, 205" />
        </StatePressed>
      </RibbonAppButton>
      <RibbonGroupArea>
        <StateCheckedNormal>
          <BackColor1 Type="Color" Value="45, 45, 48" />
          <BackColor2 Type="Color" Value="AliceBlue" />
          <BackColor3 Type="Color" Value="45, 45, 48" />
          <BackColor4 Type="Color" Value="45, 45, 48" />
          <BackColor5 Type="Color" Value="45, 45, 48" />
        </StateCheckedNormal>
      </RibbonGroupArea>
      <RibbonGroupButtonText>
        <StateCommon>
          <TextColor Type="Color" Value="White" />
        </StateCommon>
        <StateDisabled>
          <TextColor Type="Color" Value="DimGray" />
        </StateDisabled>
      </RibbonGroupButtonText>
      <RibbonGroupCheckBoxText>
        <StateCommon>
          <TextColor Type="Color" Value="MintCream" />
        </StateCommon>
      </RibbonGroupCheckBoxText>
      <RibbonGroupNormalBorder>
        <StateCommon>
          <BackColor1 Type="Color" Value="45, 45, 48" />
          <BackColor2 Type="Color" Value="45, 45, 48" />
        </StateCommon>
      </RibbonGroupNormalBorder>
      <RibbonGroupNormalTitle>
        <StateCommon>
          <BackColor1 Type="Color" Value="45, 45, 48" />
          <BackColor2 Type="Color" Value="45, 45, 48" />
          <TextColor Type="Color" Value="MintCream" />
        </StateCommon>
        <StateTracking>
          <BackColor1 Type="Color" Value="237, 237, 237" />
          <BackColor2 Type="Color" Value="45, 45, 48" />
        </StateTracking>
      </RibbonGroupNormalTitle>
      <RibbonGroupCollapsedBorder>
        <StateCommon>
          <BackColor1 Type="Color" Value="45, 45, 48" />
          <BackColor2 Type="Color" Value="45, 45, 48" />
          <BackColor3 Type="Color" Value="45, 45, 48" />
          <BackColor4 Type="Color" Value="45, 45, 48" />
          <BackColor5 Type="Color" Value="45, 45, 48" />
        </StateCommon>
      </RibbonGroupCollapsedBorder>
      <RibbonGroupCollapsedBack>
        <StateNormal>
          <BackColor1 Type="Color" Value="Window" />
          <BackColor2 Type="Color" Value="45, 45, 48" />
          <BackColor3 Type="Color" Value="45, 45, 48" />
          <BackColor4 Type="Color" Value="45, 45, 48" />
        </StateNormal>
        <StateTracking>
          <BackColor1 Type="Color" Value="Window" />
          <BackColor2 Type="Color" Value="0, 122, 205" />
          <BackColor3 Type="Color" Value="0, 122, 205" />
          <BackColor4 Type="Color" Value="0, 122, 205" />
        </StateTracking>
      </RibbonGroupCollapsedBack>
      <RibbonGroupCollapsedFrameBorder>
        <StateCommon>
          <BackColor1 Type="Color" Value="45, 45, 48" />
          <BackColor2 Type="Color" Value="45, 45, 48" />
        </StateCommon>
      </RibbonGroupCollapsedFrameBorder>
      <RibbonGroupCollapsedFrameBack>
        <StateCommon>
          <BackColor1 Type="Color" Value="45, 45, 48" />
          <BackColor2 Type="Color" Value="45, 45, 48" />
          <BackColor3 Type="Color" Value="149, 147, 147" />
          <BackColor4 Type="Color" Value="149, 147, 147" />
          <BackColor5 Type="Color" Value="45, 45, 48" />
        </StateCommon>
      </RibbonGroupCollapsedFrameBack>
      <RibbonGroupCollapsedText>
        <StateCommon>
          <TextColor Type="Color" Value="White" />
        </StateCommon>
      </RibbonGroupCollapsedText>
      <RibbonGroupLabelText>
        <StateCommon>
          <TextColor Type="Color" Value="White" />
        </StateCommon>
        <StateDisabled>
          <TextColor Type="Color" Value="Gray" />
        </StateDisabled>
      </RibbonGroupLabelText>
      <RibbonGroupRadioButtonText>
        <StateCommon>
          <TextColor Type="Color" Value="White" />
        </StateCommon>
        <StateDisabled>
          <TextColor Type="Color" Value="DimGray" />
        </StateDisabled>
      </RibbonGroupRadioButtonText>
      <RibbonQATFullbar>
        <BackColor1 Type="Color" Value="45, 45, 48" />
        <BackColor2 Type="Color" Value="45, 45, 48" />
        <BackColor3 Type="Color" Value="45, 45, 48" />
      </RibbonQATFullbar>
      <RibbonQATMinibar>
        <StateCommon>
          <BackColor1 Type="Color" Value="45, 45, 48" />
          <BackColor2 Type="Color" Value="45, 45, 48" />
          <BackColor3 Type="Color" Value="45, 45, 48" />
          <BackColor4 Type="Color" Value="45, 45, 48" />
        </StateCommon>
      </RibbonQATMinibar>
      <RibbonQATOverflow>
        <BackColor1 Type="Color" Value="45, 45, 48" />
        <BackColor2 Type="Color" Value="45, 45, 48" />
      </RibbonQATOverflow>
      <RibbonTab>
        <StateCommon>
          <BackColor1 Type="Color" Value="0, 122, 205" />
          <BackColor3 Type="Color" Value="45, 45, 48" />
          <BackColor4 Type="Color" Value="45, 45, 48" />
          <BackColor5 Type="Color" Value="45, 45, 48" />
          <TextColor Type="Color" Value="White" />
        </StateCommon>
        <StateNormal>
          <BackColor1 Type="Color" Value="Yellow" />
          <BackColor2 Type="Color" Value="Yellow" />
        </StateNormal>
        <StateTracking>
          <BackColor2 Type="Color" Value="0, 122, 205" />
        </StateTracking>
        <StateCheckedNormal>
          <BackColor2 Type="Color" Value="0, 122, 205" />
        </StateCheckedNormal>
        <StateCheckedTracking>
          <BackColor1 Type="Color" Value="0, 122, 205" />
          <BackColor2 Type="Color" Value="0, 122, 205" />
          <BackColor3 Type="Color" Value="0, 122, 205" />
          <BackColor4 Type="Color" Value="0, 122, 205" />
        </StateCheckedTracking>
        <StateContextCheckedTracking>
          <BackColor2 Type="Color" Value="0, 122, 205" />
        </StateContextCheckedTracking>
      </RibbonTab>
    </Ribbon>
    <SeparatorStyles>
      <SeparatorCommon>
        <StateCommon>
          <Back>
            <Color1 Type="Color" Value="45, 45, 48" />
            <Color2 Type="Color" Value="45, 45, 48" />
          </Back>
          <Border>
            <DrawBorders Type="PaletteDrawBorders" Value="Top,Bottom,Left,Right" />
            <Color1 Type="Color" Value="45, 45, 48" />
            <Color2 Type="Color" Value="45, 45, 48" />
          </Border>
        </StateCommon>
      </SeparatorCommon>
    </SeparatorStyles>
    <TabStyles>
      <TabCommon>
        <StateCommon>
          <Back>
            <ColorStyle Type="PaletteColorStyle" Value="Solid" />
          </Back>
        </StateCommon>
        <StateSelected>
          <Back>
            <Color1 Type="Color" Value="0, 122, 204" />
            <Color2 Type="Color" Value="0, 122, 204" />
            <ColorStyle Type="PaletteColorStyle" Value="Solid" />
          </Back>
        </StateSelected>
      </TabCommon>
    </TabStyles>
    <TrackBar>
      <StateCommon>
        <Tick>
          <Color1 Type="Color" Value="0, 122, 204" />
          <Color2 Type="Color" Value="0, 122, 204" />
          <Color3 Type="Color" Value="0, 122, 204" />
          <Color4 Type="Color" Value="0, 122, 204" />
          <Color5 Type="Color" Value="0, 122, 204" />
        </Tick>
        <Position>
          <Color1 Type="Color" Value="0, 122, 204" />
          <Color2 Type="Color" Value="0, 122, 204" />
          <Color3 Type="Color" Value="0, 122, 204" />
          <Color4 Type="Color" Value="0, 122, 204" />
          <Color5 Type="Color" Value="0, 122, 204" />
        </Position>
      </StateCommon>
    </TrackBar>
    <ToolMenuStatus>
      <Button>
        <ButtonPressedBorder Type="Color" Value="0, 122, 204" />
        <ButtonPressedGradientBegin Type="Color" Value="0, 122, 204" />
        <ButtonPressedGradientEnd Type="Color" Value="0, 122, 204" />
        <ButtonPressedGradientMiddle Type="Color" Value="0, 122, 204" />
        <ButtonSelectedBorder Type="Color" Value="0, 122, 204" />
        <ButtonSelectedGradientBegin Type="Color" Value="63, 63, 70" />
        <ButtonSelectedGradientEnd Type="Color" Value="63, 63, 70" />
        <ButtonSelectedGradientMiddle Type="Color" Value="63, 63, 70" />
        <OverflowButtonGradientBegin Type="Color" Value="45, 45, 48" />
        <OverflowButtonGradientEnd Type="Color" Value="45, 45, 48" />
        <OverflowButtonGradientMiddle Type="Color" Value="45, 45, 48" />
      </Button>
      <Grip>
        <GripDark Type="Color" Value="45, 45, 48" />
        <GripLight Type="Color" Value="101, 101, 101" />
      </Grip>
      <Menu>
        <ImageMarginGradientBegin Type="Color" Value="45, 45, 48" />
        <ImageMarginGradientEnd Type="Color" Value="45, 45, 48" />
        <ImageMarginGradientMiddle Type="Color" Value="45, 45, 48" />
        <ImageMarginRevealedGradientBegin Type="Color" Value="45, 45, 48" />
        <ImageMarginRevealedGradientEnd Type="Color" Value="45, 45, 48" />
        <ImageMarginRevealedGradientMiddle Type="Color" Value="45, 45, 48" />
        <MenuBorder Type="Color" Value="0, 122, 204" />
        <MenuItemText Type="Color" Value="241, 241, 241" />
        <MenuItemBorder Type="Color" Value="0, 122, 204" />
        <MenuItemPressedGradientBegin Type="Color" Value="0, 122, 204" />
        <MenuItemPressedGradientEnd Type="Color" Value="0, 122, 204" />
        <MenuItemPressedGradientMiddle Type="Color" Value="0, 122, 204" />
        <MenuItemSelected Type="Color" Value="0, 122, 204" />
        <MenuItemSelectedGradientBegin Type="Color" Value="45, 45, 48" />
        <MenuItemSelectedGradientEnd Type="Color" Value="45, 45, 48" />
      </Menu>
      <Rafting>
        <RaftingContainerGradientBegin Type="Color" Value="45, 45, 48" />
        <RaftingContainerGradientEnd Type="Color" Value="45, 45, 48" />
      </Rafting>
      <MenuStrip>
        <MenuStripText Type="Color" Value="White" />
        <MenuStripGradientBegin Type="Color" Value="45, 45, 48" />
        <MenuStripGradientEnd Type="Color" Value="45, 45, 48" />
      </MenuStrip>
      <Separator>
        <SeparatorDark Type="Color" Value="156, 156, 156" />
      </Separator>
      <StatusStrip>
        <StatusStripText Type="Color" Value="White" />
        <StatusStripGradientBegin Type="Color" Value="0, 122, 204" />
        <StatusStripGradientEnd Type="Color" Value="0, 122, 204" />
      </StatusStrip>
      <ToolStrip>
        <ToolStripText Type="Color" Value="White" />
        <ToolStripBorder Type="Color" Value="45, 45, 48" />
        <ToolStripContentPanelGradientBegin Type="Color" Value="45, 45, 48" />
        <ToolStripContentPanelGradientEnd Type="Color" Value="45, 45, 48" />
        <ToolStripDropDownBackground Type="Color" Value="45, 45, 48" />
        <ToolStripGradientBegin Type="Color" Value="45, 45, 48" />
        <ToolStripGradientEnd Type="Color" Value="45, 45, 48" />
        <ToolStripGradientMiddle Type="Color" Value="45, 45, 48" />
        <ToolStripPanelGradientBegin Type="Color" Value="45, 45, 48" />
        <ToolStripPanelGradientEnd Type="Color" Value="45, 45, 48" />
      </ToolStrip>
      <UseRoundedEdges Type="InheritBool" Value="False" />
    </ToolMenuStatus>
    <CustomisedKryptonPaletteFilePath Type="String" Value="C:\Users\nordl\source\repos\GUI\Theme-Palettes-master\Palettes\Visual Studio\PhotoTags Synchronizer Dark mode.xml" />
    <BasePaletteMode Type="PaletteMode" Value="Professional - System" />
  </Properties>
  <Images />
</KryptonPalette>