<?xml version="1.0"?>
<doc>
    <assembly>
        <name>Magick.NET.SystemWindowsMedia</name>
    </assembly>
    <members>
        <member name="T:ImageMagick.IMagickImageExtentions">
            <content>
            Contains code that is not compatible with .NET Core.
            </content>
        </member>
        <member name="M:ImageMagick.IMagickImageExtentions.ToBitmapSource``1(ImageMagick.IMagickImage{``0})">
            <summary>
            Converts this instance to a <see cref="T:System.Windows.Media.Imaging.BitmapSource"/>.
            </summary>
            <param name="self">The image.</param>
            <typeparam name="TQuantumType">The quantum type.</typeparam>
            <returns>A <see cref="T:System.Windows.Media.Imaging.BitmapSource"/>.</returns>
        </member>
        <member name="M:ImageMagick.IMagickImageExtentions.ToBitmapSourceWithDensity``1(ImageMagick.IMagickImage{``0})">
            <summary>
            Converts this instance to a <see cref="T:System.Windows.Media.Imaging.BitmapSource"/>.
            </summary>
            <param name="self">The image.</param>
            <typeparam name="TQuantumType">The quantum type.</typeparam>
            <returns>A <see cref="T:System.Windows.Media.Imaging.BitmapSource"/>.</returns>
        </member>
    </members>
</doc>
