<?xml version="1.0"?>
<doc>
    <assembly>
        <name>Raccoom.TreeViewFolderBrowser.DataProviders</name>
    </assembly>
    <members>
        <member name="T:Raccoom.Windows.Forms.DriveTypes">
            <summary>
            Defines the DriveTypes used for Win32_LogicalDisk<seealso cref="T:Raccoom.Windows.Forms.TreeViewFolderBrowser"/>.This enumeration can be treated as a bit field, that is, a set of flags.
            </summary>
        </member>
        <member name="F:Raccoom.Windows.Forms.DriveTypes.All">
            <summary>All drive types</summary>
        </member>
        <member name="F:Raccoom.Windows.Forms.DriveTypes.NoRootDirectory">
            <summary>
            NoRootDirectory
            </summary>
        </member>
        <member name="F:Raccoom.Windows.Forms.DriveTypes.RemovableDisk">
            <summary>
            Drive has removable media. This includes all floppy drives and many other varieties of storage devices.
            </summary>
        </member>
        <member name="F:Raccoom.Windows.Forms.DriveTypes.LocalDisk">
            <summary>
            Drive has fixed (nonremovable) media. This includes all hard drives, including hard drives that are removable.
            </summary>
        </member>
        <member name="F:Raccoom.Windows.Forms.DriveTypes.NetworkDrive">
            <summary>
            Network drives. This includes drives shared anywhere on a network.
            </summary>
        </member>
        <member name="F:Raccoom.Windows.Forms.DriveTypes.CompactDisc">
            <summary>
            Drive is a CD-ROM. No distinction is made between read-only and read/write CD-ROM drives.
            </summary>
        </member>
        <member name="F:Raccoom.Windows.Forms.DriveTypes.RAMDisk">
            <summary>
            Drive is a block of Random Access Memory (RAM) on the local computer that behaves like a disk drive.
            </summary>
        </member>
        <member name="T:Raccoom.Windows.Forms.Win32_LogicalDiskDriveTypes">
            <summary>
            Defines the DriveTypes used for Win32_LogicalDisk<seealso cref="T:Raccoom.Windows.Forms.TreeViewFolderBrowser"/>.This enumeration can a<b>not</b> be treated as a bit field
            </summary>
        </member>
        <member name="F:Raccoom.Windows.Forms.Win32_LogicalDiskDriveTypes.NoRootDirectory">
            <summary>
            NoRootDirectory
            </summary>
        </member>
        <member name="F:Raccoom.Windows.Forms.Win32_LogicalDiskDriveTypes.RemovableDisk">
            <summary>
            Drive has removable media. This includes all floppy drives and many other varieties of storage devices.
            </summary>
        </member>
        <member name="F:Raccoom.Windows.Forms.Win32_LogicalDiskDriveTypes.LocalDisk">
            <summary>
            Drive has fixed (nonremovable) media. This includes all hard drives, including hard drives that are removable.
            </summary>
        </member>
        <member name="F:Raccoom.Windows.Forms.Win32_LogicalDiskDriveTypes.NetworkDrive">
            <summary>
            Network drives. This includes drives shared anywhere on a network.
            </summary>
        </member>
        <member name="F:Raccoom.Windows.Forms.Win32_LogicalDiskDriveTypes.CompactDisc">
            <summary>
            Drive is a CD-ROM. No distinction is made between read-only and read/write CD-ROM drives.
            </summary>
        </member>
        <member name="F:Raccoom.Windows.Forms.Win32_LogicalDiskDriveTypes.RAMDisk">
            <summary>
            Drive is a block of Random Access Memory (RAM) on the local computer that behaves like a disk drive.
            </summary>
        </member>
        <member name="T:Raccoom.Windows.Forms.TreeStrategyShellImageListProviderBase">
            <summary>
            TreeStrategyShellImageListProviderBase defines the common logic needed to assing icons form the <c>SystemImageList</c> class.
            <seealso cref="P:Raccoom.Windows.Forms.TreeStrategyShellImageListProviderBase.SystemImageList"/>
            </summary>
        </member>
        <member name="F:Raccoom.Windows.Forms.TreeStrategyShellImageListProviderBase._checkboxMode">
            <summary>last CheckboxMode used to fill the tree view, saved to know about changes</summary>
        </member>
        <member name="F:Raccoom.Windows.Forms.TreeStrategyShellImageListProviderBase._systemImageList">
            <summary>Shell32 ImageList</summary>
        </member>
        <member name="P:Raccoom.Windows.Forms.TreeStrategyShellImageListProviderBase.SystemImageList">
            <summary>
            Gets the Shell32ImageList handle
            </summary>
        </member>
        <member name="M:Raccoom.Windows.Forms.TreeStrategyShellImageListProviderBase.AttachSystemImageList(Raccoom.Windows.Forms.TreeViewFolderBrowserNodeFactory)">
            <summary>
            Attaches the Shell32 ImageList to the TreeView
            </summary>
            <param name="helper">Helper class to have access to managed TreeView instance</param>
        </member>
        <member name="M:Raccoom.Windows.Forms.TreeStrategyShellImageListProviderBase.SetIcon(Raccoom.Windows.Forms.TreeViewFolderBrowser,Raccoom.Windows.Forms.TreeNodePath)">
            <summary>
            Extract the icon for the file type (Extension)
            </summary>
        </member>
        <member name="M:Raccoom.Windows.Forms.TreeStrategyShellImageListProviderBase.CreateTreeNode(Raccoom.Windows.Forms.TreeNodePath,System.String,System.String,System.Boolean,System.Boolean,System.Boolean)">
            <summary>
            Creates a new node and assigns an icon
            </summary>
        </member>
        <member name="M:Raccoom.Windows.Forms.TreeStrategyShellImageListProviderBase.CreateTreeNode(System.Windows.Forms.TreeNodeCollection,Raccoom.Windows.Forms.TreeNodePath,System.String,System.String,System.Boolean,System.Boolean,System.Boolean)">
            <summary>
            Creates a new node and assigns an icon
            </summary>
        </member>
        <member name="M:Raccoom.Windows.Forms.TreeStrategyShellImageListProviderBase.Dispose">
            <summary>
            Performs application-defined tasks associated with freeing, releasing, or resetting unmanaged resources.
            </summary>
        </member>
        <member name="T:Raccoom.Windows.Forms.TreeStrategyFolderBrowserProviderBase">
            <summary>
            TreeStrategyFolderBrowserProviderBase defines the common FolderBrowser environment and can be
            used for all Shell32ImageList based folder browser components to display folder and files
            associated with Windows Explorer like Icons.
            </summary>
        </member>
        <member name="F:Raccoom.Windows.Forms.TreeStrategyFolderBrowserProviderBase._showFiles">
            <summary></summary>
        </member>
        <member name="T:Raccoom.Windows.Forms.TreeStrategySystemFolderBrowserProviderBase">
            <summary>
            TreeStrategySystemFolderBrowserProviderBase extends <c>TreeStrategyFolderBrowserProviderBase</c> and can be used for folder browser components
            which shows the local machine drive types. The class uses WMI LogicalDisk classes to enumerate the machine local drives.
            The clue is that you can specifiy which drives types to include into the query, this way you can set a filter and show only
            Removable Drives or Local hard disk drives.
            </summary>
        </member>
        <member name="F:Raccoom.Windows.Forms.TreeStrategySystemFolderBrowserProviderBase._driveTypes">
            <summary>Specify which drive types are displayed.</summary>
        </member>
        <member name="F:Raccoom.Windows.Forms.TreeStrategySystemFolderBrowserProviderBase.DriveTypesChanged">
            <summary>Fired if a drive types has changed</summary>
        </member>
        <member name="P:Raccoom.Windows.Forms.TreeStrategySystemFolderBrowserProviderBase.DriveTypes">
            <summary>
            Specify which drive types are displayed.
            </summary>
        </member>
        <member name="M:Raccoom.Windows.Forms.TreeStrategySystemFolderBrowserProviderBase.GetLogicaldiskCollection">
            <summary>
            Returns a filtered <c>LogicaldiskCollection</c> filled with the requested drives.
            </summary>
            <returns></returns>
        </member>
        <member name="M:Raccoom.Windows.Forms.TreeStrategySystemFolderBrowserProviderBase.GetWMIQueryStatement(Raccoom.Windows.Forms.TreeViewFolderBrowser)">
            <summary>
            Gets the WMI query string based on the current drive types.
            </summary>
            <returns></returns>
        </member>
        <member name="M:Raccoom.Windows.Forms.TreeStrategySystemFolderBrowserProviderBase.OnDriveTypesChanged(System.EventArgs)">
            <summary>
            Raises the DriveTypesChanged event.
            </summary>
            <param name="e">An EventArgs that contains the event data.</param>
        </member>
        <member name="T:Raccoom.Windows.Forms.TreeStrategyFolderBrowserProvider">
            <summary>
            <c>TreeStrategyFolderBrowserProvider</c> is the standard data provider for <see cref="T:Raccoom.Windows.Forms.TreeViewFolderBrowser"/> which is based on <see cref="T:ROOT.CIMV2.Win32.Logicaldisk"/>, System.IO and <see cref="T:Raccoom.Win32.SystemImageList"/>
            <seealso cref="T:Raccoom.Windows.Forms.TreeStrategyDataProviderBase"/>
            </summary>
        </member>
        <member name="F:Raccoom.Windows.Forms.TreeStrategyFolderBrowserProvider._specialFolderRootFolder">
            <summary>designer</summary>
        </member>
        <member name="M:Raccoom.Windows.Forms.TreeStrategyFolderBrowserProvider.#ctor">
            <summary>
            Initializes a new instance of the <c>TreeStrategyFolderBrowserProvider</c> class.
            </summary>
        </member>
        <member name="P:Raccoom.Windows.Forms.TreeStrategyFolderBrowserProvider.RootFolder">
            <summary>
            Gets or sets the root folder where the browsing starts from.
            </summary>
        </member>
        <member name="M:Raccoom.Windows.Forms.TreeStrategyFolderBrowserProvider.ShowNode(System.String)">
            <summary>
            Focus the specified folder and scroll it in to view.
            </summary>
            <param name="directoryPath">The path which should be focused</param>
        </member>
        <member name="T:Raccoom.Windows.Forms.TreeStrategyDirectoryServices">
            <summary>
            <c>TreeViewFolderBrowserDataProviderADS</c>  implements <c>TreeStrategyDataProviderBase</c> and provides a explorer like Active Directory browsing
            </summary>
        </member>
        <member name="F:Raccoom.Windows.Forms.TreeStrategyDirectoryServices._imageList">
            <summary>Imagelist used for ADS Nodes</summary>
        </member>
        <member name="F:Raccoom.Windows.Forms.TreeStrategyDirectoryServices.components">
            <summary>Designer support</summary>
        </member>
        <member name="F:Raccoom.Windows.Forms.TreeStrategyDirectoryServices._helper">
            <summary>Helper class to access the managed TreeViewFolderBrowser</summary>
        </member>
        <member name="F:Raccoom.Windows.Forms.TreeStrategyDirectoryServices._rootPath">
            <summary>Root path</summary>
        </member>
        <member name="F:Raccoom.Windows.Forms.TreeStrategyDirectoryServices._credential">
            <summary>credential used to connect to the machine</summary>
        </member>
        <member name="F:Raccoom.Windows.Forms.TreeStrategyDirectoryServices._authenticationType">
            <summary>AuthenticationType used to connect to the machine</summary>
        </member>
        <member name="M:Raccoom.Windows.Forms.TreeStrategyDirectoryServices.#ctor">
            <summary>
            Initializes a new instance of the <c>TreeStrategyDirectoryServices</c> class.
            </summary>
        </member>
        <member name="M:Raccoom.Windows.Forms.TreeStrategyDirectoryServices.#ctor(System.Net.NetworkCredential,System.DirectoryServices.AuthenticationTypes)">
            <summary>
            Initializes a new instance of the <c>TreeStrategyDirectoryServices</c> class.
            </summary>
            <param name="authenticationType">Used AuthenticationType</param>
            <param name="credential">Credential used to retrieve Data from the Directory Services.</param>
        </member>
        <member name="P:Raccoom.Windows.Forms.TreeStrategyDirectoryServices.RootPath">
            <summary>
            Gets or sets the root folder where the browsing starts from.
            </summary>
        </member>
        <member name="P:Raccoom.Windows.Forms.TreeStrategyDirectoryServices.Credential">
            <summary>
            Gets or sets the NetworkCredential used to connect to the machine
            </summary>
        </member>
        <member name="P:Raccoom.Windows.Forms.TreeStrategyDirectoryServices.AuthenticationType">
            <summary>
            Gets or sets the AuthenticationType used to connect to the machine
            </summary>
        </member>
        <member name="M:Raccoom.Windows.Forms.TreeStrategyDirectoryServices.SetIcon(System.DirectoryServices.DirectoryEntry,Raccoom.Windows.Forms.TreeNodePath)">
            <summary>
            Determines and sets the ImageIndex for <c>node</c>
            </summary>
            <param name="entry">ADS Entry</param>
            <param name="node">TreeNode which represents <c>entry</c></param>
        </member>
        <member name="M:Raccoom.Windows.Forms.TreeStrategyDirectoryServices.ExtractTokens(System.String)">
            <summary>
            Extract the tokens from the ldap string
            </summary>
            <param name="value"></param>
            <returns></returns>
        </member>
        <member name="M:Raccoom.Windows.Forms.TreeStrategyDirectoryServices.InitializeComponent">
            <summary>
            Designer support
            </summary>
        </member>
        <member name="M:Raccoom.Windows.Forms.TreeStrategyDirectoryServices.ToString">
            <summary>
            Returns the display name for the <c>TreeStrategyDirectoryServices</c> dataprovider
            </summary>
            <returns></returns>
        </member>
        <member name="T:Raccoom.Windows.Forms.TreeStrategyFTPProvider">
            <summary>
            <c>TreeStrategyFTPProvider</c> implements <c>TreeStrategyDataProviderBase</c> and provides a explorer like ftp directory browsing
            using the FTP Component for .NET (April 2002 by Jérôme Lacaille www.codeproject.com)
            </summary> 
        </member>
        <member name="F:Raccoom.Windows.Forms.TreeStrategyFTPProvider._server">
            <summary>server to connect to</summary>
        </member>
        <member name="F:Raccoom.Windows.Forms.TreeStrategyFTPProvider._port">
            <summary>port number to connect</summary>
        </member>
        <member name="F:Raccoom.Windows.Forms.TreeStrategyFTPProvider._credential">
            <summary>username and password to login</summary>
        </member>
        <member name="F:Raccoom.Windows.Forms.TreeStrategyFTPProvider._ftp">
            <summary>FTP Component instance</summary>
        </member>
        <member name="F:Raccoom.Windows.Forms.TreeStrategyFTPProvider._directorySeparatorChar">
            <summary>the path separator the ftp server needs to split up paths</summary>
        </member>
        <member name="M:Raccoom.Windows.Forms.TreeStrategyFTPProvider.#ctor">
            <summary>
            Initializes a new instance of the <c>TreeStrategyFTPProvider</c> class.
            </summary>
        </member>
        <member name="M:Raccoom.Windows.Forms.TreeStrategyFTPProvider.#ctor(System.String,System.Net.NetworkCredential)">
            <summary>
            Initializes a new instance of the <c>TreeStrategyFTPProvider</c> class.
            </summary>
            <param name="credential">Username and Password used to login</param>
            <param name="server">Server adress</param>
        </member>
        <member name="M:Raccoom.Windows.Forms.TreeStrategyFTPProvider.#ctor(System.String)">
            <summary>
            Initializes a new instance of the <c>TreeStrategyFTPProvider</c> class used for Anonymous access.
            </summary>
            <param name="server">Server adress</param>
        </member>
        <member name="M:Raccoom.Windows.Forms.TreeStrategyFTPProvider.#ctor(System.String,System.Int32,System.Net.NetworkCredential)">
            <summary>
            Initializes a new instance of the <c>TreeStrategyFTPProvider</c> class.
            </summary>
            <param name="credential">Username and Password used to login</param>
            <param name="port">Server port number</param>
            <param name="server">Server adress</param>
        </member>
        <member name="M:Raccoom.Windows.Forms.TreeStrategyFTPProvider.ResetFtp">
            <summary>
            Releases a existing ftp component (disconnect) instance
            </summary>
        </member>
        <member name="P:Raccoom.Windows.Forms.TreeStrategyFTPProvider.FTP">
            <summary>
            Create a new instance or retrieve the existing one configured with the given connection string
            </summary>
        </member>
        <member name="M:Raccoom.Windows.Forms.TreeStrategyFTPProvider.DetermineUseSlash">
            <summary>
            Tries to find out what path separator char the ftp servers needs to work correctly by trail and error.		
            </summary>
        </member>
        <member name="M:Raccoom.Windows.Forms.TreeStrategyFTPProvider.RequestHelper(Raccoom.Windows.Forms.TreeViewFolderBrowserNodeFactory,Raccoom.Windows.Forms.TreeNodePath,System.Windows.Forms.TreeNodeCollection)">
            <summary>
            Internal helper methods to create nodes and assign them as root or child nodes.
            </summary>
            <param name="helper"></param>
            <param name="parentNode"></param>
            <param name="parentCollection"></param>
        </member>
        <member name="M:Raccoom.Windows.Forms.TreeStrategyFTPProvider.SetIcon(Raccoom.Windows.Forms.TreeViewFolderBrowser,Raccoom.Windows.Forms.TreeNodePath)">
            <summary>
            Extract the icon for the file type (Extension)
            </summary>
            <remarks>SetIcon is overriden because icons are retrieved by it's path property. Because this class is dealing
            with ftp data and not the local file system, we have to treat SetIcon process slightley different than for local system data.</remarks>
        </member>
        <member name="T:Raccoom.Windows.Forms.TreeStrategyShell32Provider">
            <summary>
            <c>TreeStrategyFolderBrowserProvider</c> is the shell32 interop data provider for <see cref="T:Raccoom.Windows.Forms.TreeViewFolderBrowser"/> which is based on <see cref="T:ROOT.CIMV2.Win32.Logicaldisk"/>, <c>Shell32</c> Interop and <see cref="T:Raccoom.Win32.SystemImageList"/>
            <seealso cref="T:Raccoom.Windows.Forms.TreeStrategyFolderBrowserProvider"/>
            </summary>
            <remarks>
            Shell32 does not support the .NET System.Security.Permissions system. There is no code access permission, only FileSystem ACL.
            </remarks>
        </member>
        <member name="F:Raccoom.Windows.Forms.TreeStrategyShell32Provider._shell">
            <summary>Shell32 Com Object</summary>
        </member>
        <member name="F:Raccoom.Windows.Forms.TreeStrategyShell32Provider._rootCollection">
            <summary>drive tree node (mycomputer) root collection</summary>
        </member>
        <member name="F:Raccoom.Windows.Forms.TreeStrategyShell32Provider._showAllShellObjects">
            <summary>show only filesystem</summary>
        </member>
        <member name="F:Raccoom.Windows.Forms.TreeStrategyShell32Provider._enableContextMenu">
            <summary>enable shell context menu</summary>
        </member>
        <member name="P:Raccoom.Windows.Forms.TreeStrategyShell32Provider.EnableContextMenu">
            <summary>
            Enables or disables the context menu which show's the folder item's shell verbs.
            </summary>
        </member>
        <member name="P:Raccoom.Windows.Forms.TreeStrategyShell32Provider.ShowAllShellObjects">
            <summary>
            Gets or sets if virtual shell folders are displayed or not. virtual shell folders are system folders like control panel.
            </summary>
        </member>
        <member name="M:Raccoom.Windows.Forms.TreeStrategyShell32Provider.FillMyComputer(Raccoom.Win32.ShellItem,System.Windows.Forms.TreeNodeCollection,Raccoom.Windows.Forms.TreeViewFolderBrowserNodeFactory)">
            <summary>
            Popluates the MyComputer node
            </summary>
            <param name="folderItem"></param>
            <param name="parentCollection"></param>
            <param name="helper"></param>
        </member>
        <member name="M:Raccoom.Windows.Forms.TreeStrategyShell32Provider.IsFolderWithChilds(Raccoom.Win32.ShellItem)">
            <summary>
            Do we have to add a dummy node (+ sign)
            </summary>
        </member>
        <member name="T:Raccoom.Windows.Forms.MenuItemShellVerb">
            <summary>
            Extends the <c>MenuItem</c> class with a Shell32.FolderItemVerb.
            </summary>
        </member>
        <member name="T:Raccoom.Windows.Forms.TreeStrategyCultureInfoProvider">
            <summary>
            TreeViewStrategyCultureInfo uses the System.Globalization.CultureInfo class to let the user choose
            languages (cultures) in a two level filled tree structure
            This class serves as a reference implementation and shows how less code it needs to write
            a data provider.	
            </summary>
        </member>
        <member name="F:Raccoom.Windows.Forms.TreeStrategyCultureInfoProvider._imageList">
            <summary>ImageList used to assign icons</summary>
        </member>
        <member name="F:Raccoom.Windows.Forms.TreeStrategyCultureInfoProvider.components">
            <summary>needed for designer support</summary>
        </member>
        <member name="F:Raccoom.Windows.Forms.TreeStrategyCultureInfoProvider._useNativeNames">
            <summary>flag to control which display name that is used</summary>
        </member>
        <member name="M:Raccoom.Windows.Forms.TreeStrategyCultureInfoProvider.#ctor">
            <summary>
            
            </summary>
        </member>
        <member name="P:Raccoom.Windows.Forms.TreeStrategyCultureInfoProvider.UseNativeNames">
            <summary>
            Gets or sets the flag that controls which display name that is used.
            Native names are in the given language, english names not.
            </summary>
        </member>
        <member name="M:Raccoom.Windows.Forms.TreeStrategyCultureInfoProvider.Attach(Raccoom.Windows.Forms.TreeViewFolderBrowserNodeFactory)">
            <summary>
            Attaches the imagelist to the tree view
            </summary>
            <param name="helper"></param>
        </member>
        <member name="M:Raccoom.Windows.Forms.TreeStrategyCultureInfoProvider.RequestRootNode">
            <summary>
            Populates the culture neutrale CultureInfo instances
            </summary>
        </member>
        <member name="M:Raccoom.Windows.Forms.TreeStrategyCultureInfoProvider.RequestChildNodes(Raccoom.Windows.Forms.TreeNodePath,System.Windows.Forms.TreeViewCancelEventArgs)">
            <summary>
            Popluates the culture specific CultureInfo instances (Children)
            </summary>
            <param name="parent"></param>
            <param name="e"></param>
        </member>
        <member name="M:Raccoom.Windows.Forms.TreeStrategyCultureInfoProvider.HasSelectedChildNodes(System.Collections.ObjectModel.Collection{System.String},Raccoom.Windows.Forms.TreeNodePath)">
            <summary>
            Seeks for marked culture specific CultureInfos to mark the parent invariant CultureInfo bold. 
            </summary>
            <param name="items"></param>
            <param name="node"></param>
            <returns></returns>
        </member>
        <member name="M:Raccoom.Windows.Forms.TreeStrategyCultureInfoProvider.ToString">
            <summary>
            Returns the name of this data provider
            </summary>
            <returns></returns>
        </member>
        <member name="T:Raccoom.TreeViewFolderBrowser.DataProviders.Properties.Resources">
            <summary>
              A strongly-typed resource class, for looking up localized strings, etc.
            </summary>
        </member>
        <member name="P:Raccoom.TreeViewFolderBrowser.DataProviders.Properties.Resources.ResourceManager">
            <summary>
              Returns the cached ResourceManager instance used by this class.
            </summary>
        </member>
        <member name="P:Raccoom.TreeViewFolderBrowser.DataProviders.Properties.Resources.Culture">
            <summary>
              Overrides the current thread's CurrentUICulture property for all
              resource lookups using this strongly typed resource class.
            </summary>
        </member>
        <member name="P:Raccoom.TreeViewFolderBrowser.DataProviders.Properties.Resources.SharedComputer">
            <summary>
              Looks up a localized resource of type System.Drawing.Bitmap.
            </summary>
        </member>
        <member name="P:Raccoom.TreeViewFolderBrowser.DataProviders.Properties.Resources.SharedFolder">
            <summary>
              Looks up a localized resource of type System.Drawing.Bitmap.
            </summary>
        </member>
        <member name="P:Raccoom.TreeViewFolderBrowser.DataProviders.Properties.Resources.SharedNetwork">
            <summary>
              Looks up a localized resource of type System.Drawing.Bitmap.
            </summary>
        </member>
        <member name="T:Raccoom.Win32.ShellAPI">
            <summary>
            This class contains every method, enumeration, struct and constants from the Windows API, which are
            required by the FileBrowser
            </summary>
        </member>
        <member name="M:Raccoom.Win32.ShellHelper.HiWord(System.IntPtr)">
            <summary>
            Retrieves the High Word of a WParam of a WindowMessage
            </summary>
            <param name="ptr">The pointer to the WParam</param>
            <returns>The unsigned integer for the High Word</returns>
        </member>
        <member name="M:Raccoom.Win32.ShellHelper.LoWord(System.IntPtr)">
            <summary>
            Retrieves the Low Word of a WParam of a WindowMessage
            </summary>
            <param name="ptr">The pointer to the WParam</param>
            <returns>The unsigned integer for the Low Word</returns>
        </member>
        <member name="M:Raccoom.Win32.ShellHelper.GetIDataObject(Raccoom.Win32.ShellItem[])">
            <summary>
            This method will use the GetUIObjectOf method of IShellFolder to obtain the IDataObject of a
            ShellItem. 
            </summary>
            <param name="items">The item for which to obtain the IDataObject</param>
            <returns>the IDataObject the ShellItem</returns>
        </member>
        <member name="T:Raccoom.Win32.SystemImageListSize">
            <summary>
            Available system image list sizes
            </summary>
        </member>
        <member name="F:Raccoom.Win32.SystemImageListSize.LargeIcons">
            <summary>
            System Large Icon Size (typically 32x32)
            </summary>
        </member>
        <member name="F:Raccoom.Win32.SystemImageListSize.SmallIcons">
            <summary>
            System Small Icon Size (typically 16x16)
            </summary>
        </member>
        <member name="F:Raccoom.Win32.SystemImageListSize.ExtraLargeIcons">
            <summary>
            System Extra Large Icon Size (typically 48x48).
            Only available under XP; under other OS the
            Large Icon ImageList is returned.
            </summary>
        </member>
        <member name="T:Raccoom.Win32.ImageListDrawItemConstants">
            <summary>
            Flags controlling how the Image List item is 
            drawn
            </summary>
        </member>
        <member name="F:Raccoom.Win32.ImageListDrawItemConstants.ILD_NORMAL">
            <summary>
            Draw item normally.
            </summary>
        </member>
        <member name="F:Raccoom.Win32.ImageListDrawItemConstants.ILD_TRANSPARENT">
            <summary>
            Draw item transparently.
            </summary>
        </member>
        <member name="F:Raccoom.Win32.ImageListDrawItemConstants.ILD_BLEND25">
            <summary>
            Draw item blended with 25% of the specified foreground colour
            or the Highlight colour if no foreground colour specified.
            </summary>
        </member>
        <member name="F:Raccoom.Win32.ImageListDrawItemConstants.ILD_SELECTED">
            <summary>
            Draw item blended with 50% of the specified foreground colour
            or the Highlight colour if no foreground colour specified.
            </summary>
        </member>
        <member name="F:Raccoom.Win32.ImageListDrawItemConstants.ILD_MASK">
            <summary>
            Draw the icon's mask
            </summary>
        </member>
        <member name="F:Raccoom.Win32.ImageListDrawItemConstants.ILD_IMAGE">
            <summary>
            Draw the icon image without using the mask
            </summary>
        </member>
        <member name="F:Raccoom.Win32.ImageListDrawItemConstants.ILD_ROP">
            <summary>
            Draw the icon using the ROP specified.
            </summary>
        </member>
        <member name="F:Raccoom.Win32.ImageListDrawItemConstants.ILD_PRESERVEALPHA">
            <summary>
            Preserves the alpha channel in dest. XP only.
            </summary>
        </member>
        <member name="F:Raccoom.Win32.ImageListDrawItemConstants.ILD_SCALE">
            <summary>
            Scale the image to cx, cy instead of clipping it.  XP only.
            </summary>
        </member>
        <member name="F:Raccoom.Win32.ImageListDrawItemConstants.ILD_DPISCALE">
            <summary>
            Scale the image to the current DPI of the display. XP only.
            </summary>
        </member>
        <member name="T:Raccoom.Win32.ImageListDrawStateConstants">
            <summary>
            Enumeration containing XP ImageList Draw State options
            </summary>
        </member>
        <member name="F:Raccoom.Win32.ImageListDrawStateConstants.ILS_NORMAL">
            <summary>
            The image state is not modified. 
            </summary>
        </member>
        <member name="F:Raccoom.Win32.ImageListDrawStateConstants.ILS_GLOW">
            <summary>
            Adds a glow effect to the icon, which causes the icon to appear to glow 
            with a given color around the edges. (Note: does not appear to be
            implemented)
            </summary>
        </member>
        <member name="F:Raccoom.Win32.ImageListDrawStateConstants.ILS_SHADOW">
            <summary>
            Adds a drop shadow effect to the icon. (Note: does not appear to be
            implemented)
            </summary>
        </member>
        <member name="F:Raccoom.Win32.ImageListDrawStateConstants.ILS_SATURATE">
            <summary>
            Saturates the icon by increasing each color component 
            of the RGB triplet for each pixel in the icon. (Note: only ever appears
            to result in a completely unsaturated icon)
            </summary>
        </member>
        <member name="F:Raccoom.Win32.ImageListDrawStateConstants.ILS_ALPHA">
            <summary>
            Alpha blends the icon. Alpha blending controls the transparency 
            level of an icon, according to the value of its alpha channel. 
            (Note: does not appear to be implemented).
            </summary>
        </member>
        <member name="T:Raccoom.Win32.ShellIconStateConstants">
            <summary>
            Flags specifying the state of the icon to draw from the Shell
            </summary>
        </member>
        <member name="F:Raccoom.Win32.ShellIconStateConstants.ShellIconStateNormal">
            <summary>
            Get icon in normal state
            </summary>
        </member>
        <member name="F:Raccoom.Win32.ShellIconStateConstants.ShellIconStateLinkOverlay">
            <summary>
            Put a link overlay on icon 
            </summary>
        </member>
        <member name="F:Raccoom.Win32.ShellIconStateConstants.ShellIconStateSelected">
            <summary>
            show icon in selected state 
            </summary>
        </member>
        <member name="F:Raccoom.Win32.ShellIconStateConstants.ShellIconStateOpen">
            <summary>
            get open icon 
            </summary>
        </member>
        <member name="F:Raccoom.Win32.ShellIconStateConstants.ShellIconAddOverlays">
            <summary>
            apply the appropriate overlays
            </summary>
        </member>
        <member name="T:Raccoom.Win32.SystemImageList">
            <summary>
            Sys32ImageList wrapper class
            </summary>
        </member>
        <member name="M:Raccoom.Win32.SystemImageList.#ctor">
            <summary>
            Creates a Small Icons SystemImageList 
            </summary>
        </member>
        <member name="M:Raccoom.Win32.SystemImageList.#ctor(Raccoom.Win32.SystemImageListSize)">
            <summary>
            Creates a SystemImageList with the specified size
            </summary>
            <param name="size">Size of System ImageList</param>
        </member>
        <member name="M:Raccoom.Win32.SystemImageList.Dispose">
            <summary>
            Clears up any resources associated with the SystemImageList
            </summary>
        </member>
        <member name="M:Raccoom.Win32.SystemImageList.Dispose(System.Boolean)">
            <summary>
            Clears up any resources associated with the SystemImageList
            when disposing is true.
            </summary>
            <param name="disposing">Whether the object is being disposed</param>
        </member>
        <member name="M:Raccoom.Win32.SystemImageList.Finalize">
            <summary>
            Finalise for SysImageList
            </summary>
        </member>
        <member name="M:Raccoom.Win32.SystemImageList.SHGetImageList(System.Int32,System.Guid@,Raccoom.Win32.SystemImageList.IImageList@)">
            <summary>
            SHGetImageList is not exported correctly in XP.  See KB316931
            http://support.microsoft.com/default.aspx?scid=kb;EN-US;Q316931
            Apparently (and hopefully) ordinal 727 isn't going to change.
            </summary>
        </member>
        <member name="M:Raccoom.Win32.SystemImageList.isXpOrAbove">
            <summary>
            Determines if the system is running Windows XP
            or above
            </summary>
            <returns>True if system is running XP or above, False otherwise</returns>
        </member>
        <member name="M:Raccoom.Win32.SystemImageList.create">
            <summary>
            Creates the SystemImageList
            </summary>
        </member>
        <member name="P:Raccoom.Win32.SystemImageList.Handle">
            <summary>
            Gets the hImageList handle
            </summary>
        </member>
        <member name="P:Raccoom.Win32.SystemImageList.ImageListSize">
            <summary>
            Gets/sets the size of System Image List to retrieve.
            </summary>
        </member>
        <member name="P:Raccoom.Win32.SystemImageList.Size">
            <summary>
            Returns the size of the Image List Icons.
            </summary>
        </member>
        <member name="M:Raccoom.Win32.SystemImageList.Icon(System.Int32)">
            <summary>
            Returns a GDI+ copy of the icon from the ImageList
            at the specified index.
            </summary>
            <param name="index">The index to get the icon for</param>
            <returns>The specified icon</returns>
        </member>
        <member name="M:Raccoom.Win32.SystemImageList.IconIndex(System.String)">
            <summary>
            Return the index of the icon for the specified file, always using 
            the cached version where possible.
            </summary>
            <param name="fileName">Filename to get icon for</param>
            <returns>Index of the icon</returns>
        </member>
        <member name="M:Raccoom.Win32.SystemImageList.IconIndex(System.String,System.Boolean)">
            <summary>
            Returns the index of the icon for the specified file
            </summary>
            <param name="fileName">Filename to get icon for</param>
            <param name="forceLoadFromDisk">If True, then hit the disk to get the icon,
            otherwise only hit the disk if no cached icon is available.</param>
            <returns>Index of the icon</returns>
        </member>
        <member name="M:Raccoom.Win32.SystemImageList.IconIndex(System.String,System.Boolean,Raccoom.Win32.ShellIconStateConstants)">
            <summary>
            Returns the index of the icon for the specified file
            </summary>
            <param name="fileName">Filename to get icon for</param>
            <param name="forceLoadFromDisk">If True, then hit the disk to get the icon,
            otherwise only hit the disk if no cached icon is available.</param>
            <param name="iconState">Flags specifying the state of the icon
            returned.</param>
            <returns>Index of the icon</returns>
        </member>
        <member name="M:Raccoom.Win32.SystemImageList.DrawImage(System.IntPtr,System.Int32,System.Int32,System.Int32)">
            <summary>
            Draws an image
            </summary>
            <param name="hdc">Device context to draw to</param>
            <param name="index">Index of image to draw</param>
            <param name="x">X Position to draw at</param>
            <param name="y">Y Position to draw at</param>
        </member>
        <member name="M:Raccoom.Win32.SystemImageList.DrawImage(System.IntPtr,System.Int32,System.Int32,System.Int32,Raccoom.Win32.ImageListDrawItemConstants)">
            <summary>
            Draws an image using the specified flags
            </summary>
            <param name="hdc">Device context to draw to</param>
            <param name="index">Index of image to draw</param>
            <param name="x">X Position to draw at</param>
            <param name="y">Y Position to draw at</param>
            <param name="flags">Drawing flags</param>
        </member>
        <member name="M:Raccoom.Win32.SystemImageList.DrawImage(System.IntPtr,System.Int32,System.Int32,System.Int32,Raccoom.Win32.ImageListDrawItemConstants,System.Int32,System.Int32)">
            <summary>
            Draws an image using the specified flags and specifies
            the size to clip to (or to stretch to if ILD_SCALE
            is provided).
            </summary>
            <param name="hdc">Device context to draw to</param>
            <param name="index">Index of image to draw</param>
            <param name="x">X Position to draw at</param>
            <param name="y">Y Position to draw at</param>
            <param name="flags">Drawing flags</param>
            <param name="cx">Width to draw</param>
            <param name="cy">Height to draw</param>
        </member>
        <member name="M:Raccoom.Win32.SystemImageList.DrawImage(System.IntPtr,System.Int32,System.Int32,System.Int32,Raccoom.Win32.ImageListDrawItemConstants,System.Int32,System.Int32,System.Drawing.Color,Raccoom.Win32.ImageListDrawStateConstants,System.Drawing.Color,System.Drawing.Color)">
            <summary>
            Draws an image using the specified flags and state on XP systems.
            </summary>
            <param name="hdc">Device context to draw to</param>
            <param name="index">Index of image to draw</param>
            <param name="x">X Position to draw at</param>
            <param name="y">Y Position to draw at</param>
            <param name="flags">Drawing flags</param>
            <param name="cx">Width to draw</param>
            <param name="cy">Height to draw</param>
            <param name="foreColor">Fore colour to blend with when using the 
            ILD_SELECTED or ILD_BLEND25 flags</param>
            <param name="stateFlags">State flags</param>
            <param name="glowOrShadowColor">If stateFlags include ILS_GLOW, then
            the colour to use for the glow effect.  Otherwise if stateFlags includes 
            ILS_SHADOW, then the colour to use for the shadow.</param>
            <param name="saturateColorOrAlpha">If stateFlags includes ILS_ALPHA,
            then the alpha component is applied to the icon. Otherwise if 
            ILS_SATURATE is included, then the (R,G,B) components are used
            to saturate the image.</param>
        </member>
        <member name="T:Raccoom.Win32.SystemImageListHelper">
            <summary>
            Helper Methods for Connecting SystemImageList to Common Controls
            </summary>
        </member>
        <member name="M:Raccoom.Win32.SystemImageListHelper.SetListViewImageList(System.Windows.Forms.ListView,Raccoom.Win32.SystemImageList,System.Boolean)">
            <summary>
            Associates a SysImageList with a ListView control
            </summary>
            <param name="listView">ListView control to associate ImageList with</param>
            <param name="sysImageList">System Image List to associate</param>
            <param name="forStateImages">Whether to add ImageList as StateImageList</param>
        </member>
        <member name="M:Raccoom.Win32.SystemImageListHelper.SetTreeViewImageList(Raccoom.Windows.Forms.TreeViewFolderBrowser,Raccoom.Win32.SystemImageList,System.Boolean)">
            <summary>
            Associates a SysImageList with a TreeView control
            </summary>
            <param name="treeView">TreeView control to associated ImageList with</param>
            <param name="sysImageList">System Image List to associate</param>
            <param name="forStateImages">Whether to add ImageList as StateImageList</param>
        </member>
        <member name="T:FTPLib.FtpClient">
            <summary>
            Class written by J.P. Trosclair, extended by Christoph Richner
            Copyright (c) 2005, J.P. Trosclair
            </summary>
        </member>
        <member name="T:Trinet.Networking.ShareType">
            <summary>
            Type of share
            </summary>
        </member>
        <member name="F:Trinet.Networking.ShareType.Disk">
            <summary>Disk share</summary>
        </member>
        <member name="F:Trinet.Networking.ShareType.Printer">
            <summary>Printer share</summary>
        </member>
        <member name="F:Trinet.Networking.ShareType.Device">
            <summary>Device share</summary>
        </member>
        <member name="F:Trinet.Networking.ShareType.IPC">
            <summary>IPC share</summary>
        </member>
        <member name="F:Trinet.Networking.ShareType.Special">
            <summary>Special share</summary>
        </member>
        <member name="T:Trinet.Networking.Share">
            <summary>
            Information about a local share
            </summary>
        </member>
        <member name="M:Trinet.Networking.Share.#ctor(System.String,System.String,System.String,Trinet.Networking.ShareType,System.String)">
            <summary>
            
            </summary>
            <param name="server"></param>
            <param name="netName"></param>
            <param name="path"></param>
            <param name="shareType"></param>
            <param name="remark"></param>
        </member>
        <member name="P:Trinet.Networking.Share.Server">
            <summary>
            The name of the computer that this share belongs to
            </summary>
        </member>
        <member name="P:Trinet.Networking.Share.NetName">
            <summary>
            Share name
            </summary>
        </member>
        <member name="P:Trinet.Networking.Share.Path">
            <summary>
            Local path
            </summary>
        </member>
        <member name="P:Trinet.Networking.Share.ShareType">
            <summary>
            Share type
            </summary>
        </member>
        <member name="P:Trinet.Networking.Share.Remark">
            <summary>
            Comment
            </summary>
        </member>
        <member name="P:Trinet.Networking.Share.IsFileSystem">
            <summary>
            Returns true if this is a file system share
            </summary>
        </member>
        <member name="P:Trinet.Networking.Share.Root">
            <summary>
            Get the root of a disk-based share
            </summary>
        </member>
        <member name="M:Trinet.Networking.Share.ToString">
            <summary>
            Returns the path to this share
            </summary>
            <returns></returns>
        </member>
        <member name="M:Trinet.Networking.Share.MatchesPath(System.String)">
            <summary>
            Returns true if this share matches the local path
            </summary>
            <param name="path"></param>
            <returns></returns>
        </member>
        <member name="T:Trinet.Networking.ShareCollection">
            <summary>
            A collection of shares
            </summary>
        </member>
        <member name="P:Trinet.Networking.ShareCollection.IsNT">
            <summary>
            Is this an NT platform?
            </summary>
        </member>
        <member name="P:Trinet.Networking.ShareCollection.IsW2KUp">
            <summary>
            Returns true if this is Windows 2000 or higher
            </summary>
        </member>
        <member name="F:Trinet.Networking.ShareCollection.MAX_PATH">
            <summary>Maximum path length</summary>
        </member>
        <member name="F:Trinet.Networking.ShareCollection.NO_ERROR">
            <summary>No error</summary>
        </member>
        <member name="F:Trinet.Networking.ShareCollection.ERROR_ACCESS_DENIED">
            <summary>Access denied</summary>
        </member>
        <member name="F:Trinet.Networking.ShareCollection.ERROR_WRONG_LEVEL">
            <summary>Access denied</summary>
        </member>
        <member name="F:Trinet.Networking.ShareCollection.ERROR_MORE_DATA">
            <summary>More data available</summary>
        </member>
        <member name="F:Trinet.Networking.ShareCollection.ERROR_NOT_CONNECTED">
            <summary>Not connected</summary>
        </member>
        <member name="F:Trinet.Networking.ShareCollection.UNIVERSAL_NAME_INFO_LEVEL">
            <summary>Level 1</summary>
        </member>
        <member name="F:Trinet.Networking.ShareCollection.MAX_SI50_ENTRIES">
            <summary>Max extries (9x)</summary>
        </member>
        <member name="T:Trinet.Networking.ShareCollection.UNIVERSAL_NAME_INFO">
            <summary>Unc name</summary>
        </member>
        <member name="T:Trinet.Networking.ShareCollection.SHARE_INFO_2">
            <summary>Share information, NT, level 2</summary>
            <remarks>
            Requires admin rights to work. 
            </remarks>
        </member>
        <member name="T:Trinet.Networking.ShareCollection.SHARE_INFO_1">
            <summary>Share information, NT, level 1</summary>
            <remarks>
            Fallback when no admin rights.
            </remarks>
        </member>
        <member name="T:Trinet.Networking.ShareCollection.SHARE_INFO_50">
            <summary>Share information, Win9x</summary>
        </member>
        <member name="T:Trinet.Networking.ShareCollection.SHARE_INFO_1_9x">
            <summary>Share information level 1, Win9x</summary>
        </member>
        <member name="M:Trinet.Networking.ShareCollection.WNetGetUniversalName(System.String,System.Int32,Trinet.Networking.ShareCollection.UNIVERSAL_NAME_INFO@,System.Int32@)">
            <summary>Get a UNC name</summary>
        </member>
        <member name="M:Trinet.Networking.ShareCollection.WNetGetUniversalName(System.String,System.Int32,System.IntPtr,System.Int32@)">
            <summary>Get a UNC name</summary>
        </member>
        <member name="M:Trinet.Networking.ShareCollection.NetShareEnum(System.String,System.Int32,System.IntPtr@,System.Int32,System.Int32@,System.Int32@,System.Int32@)">
            <summary>Enumerate shares (NT)</summary>
        </member>
        <member name="M:Trinet.Networking.ShareCollection.NetShareEnum(System.String,System.Int32,System.IntPtr,System.UInt16,System.UInt16@,System.UInt16@)">
            <summary>Enumerate shares (9x)</summary>
        </member>
        <member name="M:Trinet.Networking.ShareCollection.NetApiBufferFree(System.IntPtr)">
            <summary>Free the buffer (NT)</summary>
        </member>
        <member name="M:Trinet.Networking.ShareCollection.EnumerateSharesNT(System.String,Trinet.Networking.ShareCollection)">
            <summary>
            Enumerates the shares on Windows NT
            </summary>
            <param name="server">The server name</param>
            <param name="shares">The ShareCollection</param>
        </member>
        <member name="M:Trinet.Networking.ShareCollection.EnumerateSharesNT64(System.String,Trinet.Networking.ShareCollection)">
            <summary>
            Enumerates the shares on Windows NT
            </summary>
            <param name="server">The server name</param>
            <param name="shares">The ShareCollection</param>
        </member>
        <member name="M:Trinet.Networking.ShareCollection.EnumerateShares9x(System.String,Trinet.Networking.ShareCollection)">
            <summary>
            Enumerates the shares on Windows 9x
            </summary>
            <param name="server">The server name</param>
            <param name="shares">The ShareCollection</param>
        </member>
        <member name="M:Trinet.Networking.ShareCollection.EnumerateShares9x64(System.String,Trinet.Networking.ShareCollection)">
            <summary>
            Enumerates the shares on Windows 9x
            </summary>
            <param name="server">The server name</param>
            <param name="shares">The ShareCollection</param>
        </member>
        <member name="M:Trinet.Networking.ShareCollection.EnumerateShares(System.String,Trinet.Networking.ShareCollection)">
            <summary>
            Enumerates the shares
            </summary>
            <param name="server">The server name</param>
            <param name="shares">The ShareCollection</param>
        </member>
        <member name="M:Trinet.Networking.ShareCollection.IsValidFilePath(System.String)">
            <summary>
            Returns true if fileName is a valid local file-name of the form:
            X:\, where X is a drive letter from A-Z
            </summary>
            <param name="fileName">The filename to check</param>
            <returns></returns>
        </member>
        <member name="M:Trinet.Networking.ShareCollection.PathToUnc(System.String)">
            <summary>
            Returns the UNC path for a mapped drive or local share.
            </summary>
            <param name="fileName">The path to map</param>
            <returns>The UNC path (if available)</returns>
        </member>
        <member name="M:Trinet.Networking.ShareCollection.PathToShare(System.String)">
            <summary>
            Returns the local <see cref="T:Trinet.Networking.Share"/> object with the best match
            to the specified path.
            </summary>
            <param name="fileName"></param>
            <returns></returns>
        </member>
        <member name="F:Trinet.Networking.ShareCollection._local">
            <summary>The local shares</summary>
        </member>
        <member name="P:Trinet.Networking.ShareCollection.LocalShares">
            <summary>
            Return the local shares
            </summary>
        </member>
        <member name="M:Trinet.Networking.ShareCollection.GetShares(System.String)">
            <summary>
            Return the shares for a specified machine
            </summary>
            <param name="server"></param>
            <returns></returns>
        </member>
        <member name="F:Trinet.Networking.ShareCollection._server">
            <summary>The name of the server this collection represents</summary>
        </member>
        <member name="M:Trinet.Networking.ShareCollection.#ctor">
            <summary>
            Default constructor - local machine
            </summary>
        </member>
        <member name="M:Trinet.Networking.ShareCollection.#ctor(System.String)">
            <summary>
            Constructir
            </summary>
            <param name="server"></param>
        </member>
        <member name="P:Trinet.Networking.ShareCollection.Server">
            <summary>
            Returns the name of the server this collection represents
            </summary>
        </member>
        <member name="P:Trinet.Networking.ShareCollection.Item(System.Int32)">
            <summary>
            Returns the <see cref="T:Trinet.Networking.Share"/> at the specified index.
            </summary>
        </member>
        <member name="P:Trinet.Networking.ShareCollection.Item(System.String)">
            <summary>
            Returns the <see cref="T:Trinet.Networking.Share"/> which matches a given local path
            </summary>
            <param name="path">The path to match</param>
        </member>
        <member name="M:Trinet.Networking.ShareCollection.CopyTo(Trinet.Networking.Share[],System.Int32)">
            <summary>
            Copy this collection to an array
            </summary>
            <param name="array"></param>
            <param name="index"></param>
        </member>
    </members>
</doc>
