<?xml version="1.0"?>
<doc>
    <assembly>
        <name>WinProps</name>
    </assembly>
    <members>
        <member name="T:WinProps.PropertyDescription">
            <summary>
            Encapsulates the <a href="https://msdn.microsoft.com/en-us/library/windows/desktop/bb761561(v=vs.85).aspx">IPropertyDescription</a> interface.
            Provides details about the type and display of a Windows Property.
            </summary>
        </member>
        <member name="T:WinProps.PropertyDescription.Alignment">
            <summary>
            Defines how property should aligned when it is displayed.
            </summary>
        </member>
        <member name="F:WinProps.PropertyDescription.Alignment.Left">
            <summary>
            Left-align the property value
            </summary>
        </member>
        <member name="F:WinProps.PropertyDescription.Alignment.Centre">
            <summary>
            Centre-align the property value
            </summary>
        </member>
        <member name="F:WinProps.PropertyDescription.Alignment.Right">
            <summary>
            Right-align the property value
            </summary>
        </member>
        <member name="T:WinProps.PropertyDescription.Display">
            <summary>
            Defines the type of property to display
            </summary>
        </member>
        <member name="F:WinProps.PropertyDescription.Display.String">
            <summary>
            Display the property value as a string
            </summary>
        </member>
        <member name="F:WinProps.PropertyDescription.Display.Numeric">
            <summary>
            Display the property value as a number
            </summary>
        </member>
        <member name="F:WinProps.PropertyDescription.Display.Boolean">
            <summary>
            Display the property value as a boolean
            </summary>
        </member>
        <member name="F:WinProps.PropertyDescription.Display.DateTime">
            <summary>
            Display the property value as a date and time
            </summary>
        </member>
        <member name="F:WinProps.PropertyDescription.Display.Enumerated">
            <summary>
            Display the property as an enumerated value
            </summary>
        </member>
        <member name="T:WinProps.PropertyDescription.ColumnType">
            <summary>
            Defines the type of the ListView column when shown in explorer
            </summary>
        </member>
        <member name="F:WinProps.PropertyDescription.ColumnType.String">
            <summary>
            The column displays string types
            </summary>
        </member>
        <member name="F:WinProps.PropertyDescription.ColumnType.Integer">
            <summary>
            The column displays integer types
            </summary>
        </member>
        <member name="F:WinProps.PropertyDescription.ColumnType.DateTime">
            <summary>
            The column displays date and time types
            </summary>
        </member>
        <member name="T:WinProps.PropertyDescription.ColumnSortFlags">
            <summary>
            Defines how the properties should be sorted
            </summary>
        </member>
        <member name="F:WinProps.PropertyDescription.ColumnSortFlags.ValueCompare">
            <summary>
            Compares each value of the properties
            </summary>
        </member>
        <member name="F:WinProps.PropertyDescription.ColumnSortFlags.FormattedCompare">
            <summary>
            Compares the strings when the property has been formatted for display
            </summary>
        </member>
        <member name="F:WinProps.PropertyDescription.ColumnSortFlags.NoFolderness">
            <summary>
            Tells the sorting procedure not to sort folders separately
            </summary>
        </member>
        <member name="T:WinProps.PropertyDescription.ColumnWidthFlags">
            <summary>
            Defines how a column's width is handled
            </summary>
        </member>
        <member name="F:WinProps.PropertyDescription.ColumnWidthFlags.FixedWidth">
            <summary>
            The column is a fixed width, and cannot be resized
            </summary>
        </member>
        <member name="F:WinProps.PropertyDescription.ColumnWidthFlags.NoDPIScale">
            <summary>
            The column is the same width, regardless of the device resolution
            </summary>
        </member>
        <member name="F:WinProps.PropertyDescription.ColumnWidthFlags.FixedRatio">
            <summary>
            The column maintains a fixed ratio of width to height
            </summary>
        </member>
        <member name="T:WinProps.PropertyDescription.RelativeDescriptions">
            <summary>
            Defines a user-friendly terminology to be used when two properties are compared with each other.
            Each element defines three terms: one for less-then, one for equal to, and one for greater than.
            </summary>
        </member>
        <member name="F:WinProps.PropertyDescription.RelativeDescriptions.General">
            <summary>
            Different/Same/Different
            </summary>
        </member>
        <member name="F:WinProps.PropertyDescription.RelativeDescriptions.Date">
            <summary>
            Earlier/Same/Later
            </summary>
        </member>
        <member name="F:WinProps.PropertyDescription.RelativeDescriptions.Size">
            <summary>
            Smaller/Same/Larger
            </summary>
        </member>
        <member name="F:WinProps.PropertyDescription.RelativeDescriptions.Count">
            <summary>
            Smaller/Same/Larger
            </summary>
        </member>
        <member name="F:WinProps.PropertyDescription.RelativeDescriptions.Revision">
            <summary>
            Earlier/Same/Later
            </summary>
        </member>
        <member name="F:WinProps.PropertyDescription.RelativeDescriptions.Length">
            <summary>
            Shorter/Same/Longer
            </summary>
        </member>
        <member name="F:WinProps.PropertyDescription.RelativeDescriptions.Duration">
            <summary>
            Shorter/Same/Longer
            </summary>
        </member>
        <member name="F:WinProps.PropertyDescription.RelativeDescriptions.Speed">
            <summary>
            Slower/Same/Faster
            </summary>
        </member>
        <member name="F:WinProps.PropertyDescription.RelativeDescriptions.Rate">
            <summary>
            Slower/Same/Faster
            </summary>
        </member>
        <member name="F:WinProps.PropertyDescription.RelativeDescriptions.Rating">
            <summary>
            Lower/Same/Higher
            </summary>
        </member>
        <member name="F:WinProps.PropertyDescription.RelativeDescriptions.Priority">
            <summary>
            Lower/Same/Higher
            </summary>
        </member>
        <member name="T:WinProps.PropertyDescription.SortMethod">
            <summary>
            Provides a user-friendly description on how sorting should be performed. Each item provides a description for ascending or descending order
            </summary>
        </member>
        <member name="F:WinProps.PropertyDescription.SortMethod.General">
            <summary>
            "Sort going up"/"Sort going down"
            </summary>
        </member>
        <member name="F:WinProps.PropertyDescription.SortMethod.Alphbetical">
            <summary>
            "A on top"/"Z on top"
            </summary>
        </member>
        <member name="F:WinProps.PropertyDescription.SortMethod.LowestToHighest">
            <summary>
            "Lowest on top"/"Highest on top"
            </summary>
        </member>
        <member name="F:WinProps.PropertyDescription.SortMethod.SmallestToBiggest">
            <summary>
            "Smallest on top"/"Largest on top"
            </summary>
        </member>
        <member name="F:WinProps.PropertyDescription.SortMethod.OldestToNewest">
            <summary>
            "Oldest on top"/"Newest on top"
            </summary>
        </member>
        <member name="T:WinProps.PropertyDescription.AggregateMethod">
            <summary>
            Specifies how aggregated properties should be displayed when multiple items are selected.
            </summary>
        </member>
        <member name="F:WinProps.PropertyDescription.AggregateMethod.Default">
            <summary>
            Displays "Multiple Values"
            </summary>
        </member>
        <member name="F:WinProps.PropertyDescription.AggregateMethod.First">
            <summary>
            Displays the first property in the collection
            </summary>
        </member>
        <member name="F:WinProps.PropertyDescription.AggregateMethod.Sum">
            <summary>
            Displays the sum of all the properties in the collection
            </summary>
        </member>
        <member name="F:WinProps.PropertyDescription.AggregateMethod.Average">
            <summary>
            Displays the average pf all the properties in the collection
            </summary>
        </member>
        <member name="F:WinProps.PropertyDescription.AggregateMethod.DateRange">
            <summary>
            Displays a date range representing the properties in the collection
            </summary>
        </member>
        <member name="F:WinProps.PropertyDescription.AggregateMethod.Union">
            <summary>
            Displays a union of all the properties in the collection
            </summary>
        </member>
        <member name="F:WinProps.PropertyDescription.AggregateMethod.Max">
            <summary>
            Displays the maximum value of the properties in the collection
            </summary>
        </member>
        <member name="F:WinProps.PropertyDescription.AggregateMethod.Min">
            <summary>
            Displays the minimum value of the properties in the collection
            </summary>
        </member>
        <member name="T:WinProps.PropertyDescription.FormatFlags">
            <summary>
            A set of flags that tell the system how to format a property for display
            </summary>
        </member>
        <member name="F:WinProps.PropertyDescription.FormatFlags.Default">
            <summary>
            Uses the formatting defined by the <see cref="T:WinProps.PropertyDescription"/>
            </summary>
        </member>
        <member name="F:WinProps.PropertyDescription.FormatFlags.PrefixName">
            <summary>
            Prefix the value with the property name
            </summary>
        </member>
        <member name="F:WinProps.PropertyDescription.FormatFlags.FileName">
            <summary>
            Treat the property value as a file name
            </summary>
        </member>
        <member name="F:WinProps.PropertyDescription.FormatFlags.AlwaysKB">
            <summary>
            Always format byte sizes as KB
            </summary>
        </member>
        <member name="F:WinProps.PropertyDescription.FormatFlags.ShortTime">
            <summary>
            Format time as "h:mm tt"
            </summary>
        </member>
        <member name="F:WinProps.PropertyDescription.FormatFlags.LongTime">
            <summary>
            Format time as "h:mm:ss tt"
            </summary>
        </member>
        <member name="F:WinProps.PropertyDescription.FormatFlags.HideTime">
            <summary>
            Hide the time portion of a DateTime
            </summary>
        </member>
        <member name="F:WinProps.PropertyDescription.FormatFlags.ShortDate">
            <summary>
            Format the date as "M/dd/yy"
            </summary>
        </member>
        <member name="F:WinProps.PropertyDescription.FormatFlags.LongDate">
            <summary>
            Formats the date as "dddd, MMMM d, yyyy"
            </summary>
        </member>
        <member name="F:WinProps.PropertyDescription.FormatFlags.HideDate">
            <summary>
            Hides the date portion of a DateTime
            </summary>
        </member>
        <member name="F:WinProps.PropertyDescription.FormatFlags.RelativeDate">
            <summary>
            Uses a friendly desction of a relative date e.g. "Yesterday"
            </summary>
        </member>
        <member name="F:WinProps.PropertyDescription.FormatFlags.UseEditInvitation">
            <summary>
            Use the <see cref="P:WinProps.PropertyDescription.EditInvitation"/> text if the property is empty or failed to be retrieved
            </summary>
        </member>
        <member name="F:WinProps.PropertyDescription.FormatFlags.ReadOnly">
            <summary>
            Use a read-only format, and fill with default text if empty
            </summary>
        </member>
        <member name="F:WinProps.PropertyDescription.FormatFlags.NoAutoReadingOrder">
            <summary>
            Don't detect the reading order automatically. 
            </summary>
        </member>
        <member name="M:WinProps.PropertyDescription.#ctor(System.String)">
            <summary>
            Gets a <see cref="T:WinProps.PropertyDescription"/> for the property represented by a canonical name.
            </summary>
            <param name="CanonicalName">The canonical name of the property for which the <see cref="T:WinProps.PropertyDescription"/> is requested</param>
            <example>new PropertyDescription("System.Title")</example>
        </member>
        <member name="M:WinProps.PropertyDescription.#ctor(WinProps.PropertyKey)">
            <summary>
            Gets a <see cref="T:WinProps.PropertyDescription"/> for the specified <see cref="P:WinProps.PropertyDescription.PropertyKey"/> 
            </summary>
            <param name="key">The <see cref="P:WinProps.PropertyDescription.PropertyKey"/> for which the <see cref="T:WinProps.PropertyDescription"/> is required
            </param>
        </member>
        <member name="P:WinProps.PropertyDescription.PropertyKey">
            <summary>
            Gets the <see cref="P:WinProps.PropertyDescription.PropertyKey"/> that this <see cref="T:WinProps.PropertyDescription"/>  defines.
            </summary>
        </member>
        <member name="P:WinProps.PropertyDescription.AggregateType">
            <summary>
            Gets the <see cref="T:WinProps.PropertyDescription.AggregateMethod"/> to perform if the property is aggregated.
            </summary>
        </member>
        <member name="P:WinProps.PropertyDescription.CanonicalName">
            <summary>
            Gets the canonical name of the property described by this <see cref="T:WinProps.PropertyDescription"/> 
            </summary>
        </member>
        <member name="P:WinProps.PropertyDescription.PropertyType">
            <summary>
            Returns the <see cref="T:System.Runtime.InteropServices.VarEnum"/> type of the <see cref="T:WinProps.PropVariant"/> used to represent the value of the property.
            </summary>
        </member>
        <member name="P:WinProps.PropertyDescription.DisplayName">
            <summary>
            Returns a user-friendly name for a prompt for the property.
            </summary>
        </member>
        <member name="P:WinProps.PropertyDescription.EditInvitation">
            <summary>
            This text can be used as a descriptive prompt for the entry of a property
            </summary>
        </member>
        <member name="T:WinProps.PropertyDescription._TypeFlags">
            <summary>
            Describes a set of values that describe the type of data contained in a property
            </summary>
        </member>
        <member name="P:WinProps.PropertyDescription._TypeFlags.IsMultiValued">
            <summary>
            Describes a property that may have multiple values
            </summary>
        </member>
        <member name="P:WinProps.PropertyDescription._TypeFlags.IsInnate">
            <summary>
            Describes a property where the value is generally defined by the data in the file itself, or by the application that creates the file
            </summary>
        </member>
        <member name="P:WinProps.PropertyDescription._TypeFlags.IsGroup">
            <summary>
            This property defines a group heading. It does not have a value in itself per se.
            </summary>
        </member>
        <member name="P:WinProps.PropertyDescription._TypeFlags.CanGroupBy">
            <summary>
            Indicates that items can be grouped by the value in this property
            </summary>
        </member>
        <member name="P:WinProps.PropertyDescription._TypeFlags.CanStackBy">
            <summary>
            Indicates that the user can stack by this property.
            </summary>
        </member>
        <member name="P:WinProps.PropertyDescription._TypeFlags.IsTreeProperty">
            <summary>
            Indicates that this property contains a hierarchy.
            </summary>
        </member>
        <member name="P:WinProps.PropertyDescription._TypeFlags.IsViewable">
            <summary>
            Indicates if a property is intended to be viewable. This flag is used in places such as the selection of columns in Explorer.
            </summary>
        </member>
        <member name="P:WinProps.PropertyDescription._TypeFlags.CanBePurged">
            <summary>
            Allows an innate property to be purged. Only valid in Vista SP1 and later.
            </summary>
        </member>
        <member name="P:WinProps.PropertyDescription._TypeFlags.SearchRawValue">
            <summary>
            Uses the unformatted value of the property for searching
            </summary>
        </member>
        <member name="P:WinProps.PropertyDescription._TypeFlags.DontCoerceEmptyStrings">
            <summary>
            If set, empty strings are not coerced to a VT_NULL or VT_EMPTY type.
            </summary>
        </member>
        <member name="P:WinProps.PropertyDescription._TypeFlags.IsSystemProperty">
            <summary>
            This property is owned by the system
            </summary>
        </member>
        <member name="P:WinProps.PropertyDescription.TypeFlags">
            <summary>
            Represents a collection of values that define the type of data maintained by the property
            </summary>
        </member>
        <member name="T:WinProps.PropertyDescription._ViewFlags">
            <summary>
            Describes a set of values that describe how a property should be displayed
            </summary>
        </member>
        <member name="P:WinProps.PropertyDescription._ViewFlags.Alignment">
            <summary>
            Defines how a property should be aligned within a column. <seealso cref="T:WinProps.PropertyDescription.Alignment"/>
            </summary>
        </member>
        <member name="P:WinProps.PropertyDescription._ViewFlags.BeginNewGroup">
            <summary>
            This property is shown at the beginning of the next set of properties.
            </summary>
        </member>
        <member name="P:WinProps.PropertyDescription._ViewFlags.FillArea">
            <summary>
            Fills the remainder of the view area with the contents of this property.
            </summary>
        </member>
        <member name="P:WinProps.PropertyDescription._ViewFlags.SortDescending">
            <summary>
            Sort this property is reverse order
            </summary>
        </member>
        <member name="P:WinProps.PropertyDescription._ViewFlags.ShowOnlyIfPresent">
            <summary>
            Only display this property if it is present
            </summary>
        </member>
        <member name="P:WinProps.PropertyDescription._ViewFlags.ShowByDefault">
            <summary>
            Show this property by default
            </summary>
        </member>
        <member name="P:WinProps.PropertyDescription._ViewFlags.ShowInPrimaryList">
            <summary>
            This property should be shown in the primary column UI by default
            </summary>
        </member>
        <member name="P:WinProps.PropertyDescription._ViewFlags.ShowInSecondaryList">
            <summary>
            This property should be shown in the secondary column UI by default
            </summary>
        </member>
        <member name="P:WinProps.PropertyDescription._ViewFlags.HideLabel">
            <summary>
            Hide the label if the view would normally display one.
            </summary>
        </member>
        <member name="P:WinProps.PropertyDescription._ViewFlags.Hidden">
            <summary>
            Do not display this property in the column UI
            </summary>
        </member>
        <member name="P:WinProps.PropertyDescription._ViewFlags.CanWrap">
            <summary>
            This property can be wrapped across more than one row
            </summary>
        </member>
        <member name="P:WinProps.PropertyDescription.ViewFlags">
            <summary>
            Represents a set of values that describe how a property should be displayed
            </summary>
        </member>
        <member name="P:WinProps.PropertyDescription.DefaultColumnWidth">
            <summary>
            Gets the default width of the column, in characters.
            </summary>
        </member>
        <member name="P:WinProps.PropertyDescription.DisplayType">
            <summary>
            Gets the <see cref="T:WinProps.PropertyDescription.Display"/> type of this property
            </summary>
        </member>
        <member name="P:WinProps.PropertyDescription.IsEnumerationType">
            <summary>
            True if this property type contains an enumerated value, else false. <seealso cref="T:WinProps.PropertyEnumeration"/>
            </summary>
        </member>
        <member name="T:WinProps.PropertyDescription._ColumnFlags">
            <summary>
            Describes a set of values that determine how a property is managed in columns
            </summary>
        </member>
        <member name="P:WinProps.PropertyDescription._ColumnFlags.Type">
            <summary>
            Returns the <see cref="T:WinProps.PropertyDescription.ColumnType"/> that describes how the column will present the property
            </summary>
        </member>
        <member name="P:WinProps.PropertyDescription._ColumnFlags.OnByDefault">
            <summary>
            The column should be available by default in the details view
            </summary>
        </member>
        <member name="P:WinProps.PropertyDescription._ColumnFlags.Slow">
            <summary>
            This property may be slow to populate. It should be performed in a background thread.
            </summary>
        </member>
        <member name="P:WinProps.PropertyDescription._ColumnFlags.Extended">
            <summary>
            This property is provided by the property handler, and not by the folder.
            </summary>
        </member>
        <member name="P:WinProps.PropertyDescription._ColumnFlags.SecondaryUI">
            <summary>
            This column's option will appear in the "More" option, rather than in the context menu
            </summary>
        </member>
        <member name="P:WinProps.PropertyDescription._ColumnFlags.Hidden">
            <summary>
            The column will not be displayed in the UI
            </summary>
        </member>
        <member name="P:WinProps.PropertyDescription._ColumnFlags.SortFlags">
            <summary>
            Provides instructions on how the column should be sorted. <seealso cref="T:WinProps.PropertyDescription.ColumnSortFlags"/>
            </summary>
        </member>
        <member name="P:WinProps.PropertyDescription._ColumnFlags.ViewOnly">
            <summary>
            This column is only displayed in the UI
            </summary>
        </member>
        <member name="P:WinProps.PropertyDescription._ColumnFlags.BatchRead">
            <summary>
            Marks columns with values that should be read in a batch
            </summary>
        </member>
        <member name="P:WinProps.PropertyDescription._ColumnFlags.NoGroupBy">
            <summary>
            Disallow the view to be grouped by this property
            </summary>
        </member>
        <member name="P:WinProps.PropertyDescription._ColumnFlags.DisplayFlags">
            <summary>
            Describes how the width of the column is managed. See <see cref="T:WinProps.PropertyDescription.ColumnWidthFlags"/>
            </summary>
        </member>
        <member name="P:WinProps.PropertyDescription.ColumnState">
            <summary>
            Represents a set of values that determine how a property is managed in columns
            </summary>
        </member>
        <member name="P:WinProps.PropertyDescription.RelativeDescriptionType">
            <summary>
            Determines how this property will display <see cref="T:WinProps.PropertyDescription.RelativeDescriptions"/>.
            </summary>
        </member>
        <member name="M:WinProps.PropertyDescription.GetRelativeDescription(WinProps.PropVariant,WinProps.PropVariant)">
            <summary>
            Compares two properties, and returns a descriptive result of the comparison.
            </summary>
            <param name="value1">The first property value to compare</param>
            <param name="value2">The second property value in the comparison</param>
            <returns>A tuple consisting of two strings. The first string contains the description of <paramref name="value1"/> relationship to <paramref name="value2"/>, and the second is the reverse,
            how <paramref name="value2"/> relates to <paramref name="value1"/>
            </returns>
        </member>
        <member name="P:WinProps.PropertyDescription.SortDescription">
            <summary>
            Gets the <see cref="T:WinProps.PropertyDescription.SortMethod"/> describing how the property is sorted.
            </summary>
        </member>
        <member name="P:WinProps.PropertyDescription.SortDescriptionLabel">
            <summary>
            Provides a prompt for how the property should be sorted
            </summary>
        </member>
        <member name="P:WinProps.PropertyDescription.SortDescriptionLabelDescending">
            <summary>
            Provides a prompt for how the property should be sorted
            </summary>
        </member>
        <member name="P:WinProps.PropertyDescription.EnumType">
            <summary>
            Gets a <see cref="T:WinProps.PropertyEnumeration"/> that describes how this property's values are enumerated
            </summary>
        </member>
        <member name="M:WinProps.PropertyDescription.CoerceToCanonicalValue(WinProps.PropVariant)">
            <summary>
            Coerces a <see cref="T:WinProps.PropVariant"/> value into a canonical format to suit this property.
            </summary>
            <param name="value">The <see cref="T:WinProps.PropVariant"/> value to coerce into a canonical format</param>
        </member>
        <member name="M:WinProps.PropertyDescription.IsCanonical(WinProps.PropVariant)">
            <summary>
            Checks to see if a <see cref="T:WinProps.PropVariant"/>'s value is canonical according to the definition of this property 
            </summary>
            <param name="value">The <see cref="T:WinProps.PropVariant"/> value to check against this property's description</param>
            <returns>true if the value is a canonical representation of the property's value, else false</returns>
        </member>
        <member name="M:WinProps.PropertyDescription.FormatForDisplay(WinProps.PropVariant,WinProps.PropertyDescription.FormatFlags)">
            <summary>
            Formats a property value for display purposes
            </summary>
            <param name="value">The property value to format</param>
            <param name="flags">Additional <see cref="T:WinProps.PropertyDescription.FormatFlags"/> with formatting instructions.</param>
            <returns>A string containing the property's value in a suitably formatted structure</returns>
        </member>
        <member name="M:WinProps.PropertyDescription.Dispose">
            <summary>
            Releases the COM pointer maintained for and by this instance
            </summary>
        </member>
        <member name="T:WinProps.PropertyDescriptionList">
            <summary>
            Defines a collection of related <see cref="T:WinProps.PropertyDescription"/> items. This class encapsulates the COM 
            <a href="https://msdn.microsoft.com/en-us/library/windows/desktop/bb761511(v=vs.85).aspx">IPropertyDescriptionList</a> interface.
            </summary>
        </member>
        <member name="M:WinProps.PropertyDescriptionList.#ctor(System.String)">
            <summary>
            Creates a <see cref="T:WinProps.PropertyDescriptionList"/> containing the <see cref="T:WinProps.PropertyDescription"/>s defined for <paramref name="strPropList"/>
            </summary>
            <param name="strPropList">A string declaring which properties to include in this PropertyDescriptionList. The format of this string must be "prop:prop1;prop2;...;propN"
            where "prop1 - propN" are the Canonical names of the required <see cref="T:WinProps.PropertyKey"/>s</param>
        </member>
        <member name="M:WinProps.PropertyDescriptionList.#ctor(System.Collections.Generic.IEnumerable{System.String})">
            <summary>
            Creates a <see cref="T:WinProps.PropertyDescriptionList"/> containing <see cref="T:WinProps.PropertyDescription"/>s for each property in <paramref name="properties"/>
            </summary>
            <param name="properties">An <see cref="T:System.Collections.Generic.IEnumerable`1"/> of strings containing the canonical names for the required <see cref="T:WinProps.PropertyKey"/>s</param>
        </member>
        <member name="M:WinProps.PropertyDescriptionList.#ctor(System.String,WinProps.PropertyKey)">
            <summary>
            Creates a <see cref="T:WinProps.PropertyDescriptionList"/> based on properties defined for a particular file or file type.
            </summary>
            <param name="path">The path or extension of the file type you want the PropertyDescriptionList for</param>
            <param name="propListKey">This <see cref="T:WinProps.PropertyKey"/> defines the usage of the properties defined in the PropertyDescriptionList. It will be one of the
            <a href="https://msdn.microsoft.com/en-us/library/windows/desktop/ff521713(v=vs.85).aspx">PropList</a> values</param>
        </member>
        <member name="M:WinProps.PropertyDescriptionList.#ctor(System.Collections.Generic.IEnumerable{WinProps.PropertyKey})">
            <summary>
            Creates a <see cref="T:WinProps.PropertyDescriptionList"/> for the <see cref="T:WinProps.PropertyKey"/>s required
            </summary>
            <param name="properties">An <see cref="T:System.Collections.Generic.IEnumerable`1"/> of PropertyKeys required in the PropertyDescriptionList</param>
        </member>
        <member name="P:WinProps.PropertyDescriptionList.Item(System.Int32)">
            <summary>
            Gets the <see cref="T:WinProps.PropertyDescription"/> at the specified index
            </summary>
            <param name="index">The Index of the required PropertyDescription</param>
            <returns>The requested PropertyDescription</returns>
        </member>
        <member name="P:WinProps.PropertyDescriptionList.Item(WinProps.PropertyKey)">
            <summary>
            Gets the <see cref="T:WinProps.PropertyDescription"/> with the specified <see cref="T:WinProps.PropertyKey"/> 
            </summary>
            <param name="key">The PropertyKey of the required PropertyDescription</param>
            <returns>The requested PropertyDescription</returns>
        </member>
        <member name="P:WinProps.PropertyDescriptionList.Count">
            <summary>
            Gets the number of <see cref="T:WinProps.PropertyDescription"/> items in this <see cref="T:WinProps.PropertyDescriptionList"/>
            </summary>
        </member>
        <member name="M:WinProps.PropertyDescriptionList.GetEnumerator">
            <summary>
            Returns an <see cref="T:System.Collections.IEnumerator"/> of <see cref="T:WinProps.PropertyDescription"/>s for this <see cref="T:WinProps.PropertyDescriptionList"/> 
            </summary>
            <returns>An enumerator that can iterate the PropertyDescriptions in this list</returns>
        </member>
        <member name="M:WinProps.PropertyDescriptionList.Dispose">
            <summary>
            Releases the internal COM IPropertyDescriptionList reference
            </summary>
        </member>
        <member name="M:WinProps.PropertyDescriptionList.Finalize">
            <summary>
            Ensures that the unmanaged COM reference is released.
            </summary>
        </member>
        <member name="T:WinProps.PropertyEnumeration">
            <summary>
            Defines <see cref="T:WinProps.PropertyEnumeration.Value"/>s for a property. PropertyEnumeration Values are more diverse than normal enumerations, with each value able to represent a range of possible
            property values. Values also do not need to be numeric. This class encapsulates the <a href="https://msdn.microsoft.com/en-us/library/windows/desktop/bb761483(v=vs.85).aspx">IPropertyEnumTypeList</a> COM interface.
            </summary>
        </member>
        <member name="M:WinProps.PropertyEnumeration.#ctor(WinProps.PropertyDescription)">
            <summary>
            Creates a <see cref="T:WinProps.PropertyEnumeration"/> list of possible values for a property
            </summary>
            <param name="propDesc">A <see cref="T:WinProps.PropertyDescription"/> describing the property the enumeration list is required for</param>
        </member>
        <member name="P:WinProps.PropertyEnumeration.Count">
            <summary>
            Gets the number of possible enumeration <see cref="T:WinProps.PropertyEnumeration.Value"/>s available for this property
            </summary>
        </member>
        <member name="P:WinProps.PropertyEnumeration.Item(System.Int32)">
            <summary>
            Gets the enumeration <see cref="T:WinProps.PropertyEnumeration.Value"/> at the specified index.
            </summary>
            <param name="index">The index of the required enumeration Value</param>
            <returns>The enumeration Value at the specified index</returns>
        </member>
        <member name="M:WinProps.PropertyEnumeration.GetEnumerator">
            <summary>
            Gets an <see cref="T:System.Collections.Generic.IEnumerator`1"/> that iterates the possible <see cref="T:WinProps.PropertyEnumeration.Value"/>s in this enumeration.
            </summary>
            <returns>An <see cref="T:System.Collections.Generic.IEnumerator`1"/> that iterates the possible <see cref="T:WinProps.PropertyEnumeration.Value"/>s in this enumeration.</returns>
        </member>
        <member name="M:WinProps.PropertyEnumeration.Dispose">
            <summary>
            Releases the internal IPropertyEnumTypeList COM pointer
            </summary>
        </member>
        <member name="M:WinProps.PropertyEnumeration.Finalize">
            <summary>
            Ensures the release of the IPropertyEnumTypeList COM pointer upon finalisation.
            </summary>
        </member>
        <member name="T:WinProps.PropertyEnumeration.EnumType">
            <summary>
            The possible type of enumeration <see cref="T:WinProps.PropertyEnumeration.Value"/>s
            </summary>
        </member>
        <member name="F:WinProps.PropertyEnumeration.EnumType.DiscreteValue">
            <summary>
            The enumeration <see cref="T:WinProps.PropertyEnumeration.Value"/>s are unique for each property value.
            </summary>
        </member>
        <member name="F:WinProps.PropertyEnumeration.EnumType.RangedValue">
            <summary>
            The enumeration <see cref="T:WinProps.PropertyEnumeration.Value"/> is part of a range of values.
            </summary>
        </member>
        <member name="F:WinProps.PropertyEnumeration.EnumType.DefaultValue">
            <summary>
            This value can be used as the default if none of the enumeration values match
            </summary>
        </member>
        <member name="F:WinProps.PropertyEnumeration.EnumType.EndRange">
            <summary>
            This value is the last value in the range
            </summary>
        </member>
        <member name="T:WinProps.PropertyEnumeration.Value">
            <summary>
            Represents an Enumeration value. This class encapsulates the <a href="https://msdn.microsoft.com/en-us/library/windows/desktop/bb761495(v=vs.85).aspx">IPropertyEnumType</a> COM interface. 
            Note that this class does not have any public constructors. You must get a particular value from a <see cref="T:WinProps.PropertyEnumeration"/> object.
            </summary>
        </member>
        <member name="P:WinProps.PropertyEnumeration.Value.EnumType">
            <summary>
            Gets the <see cref="T:WinProps.PropertyEnumeration.EnumType"/> of enumeration <see cref="T:WinProps.PropertyEnumeration.Value"/> 
            </summary>
        </member>
        <member name="P:WinProps.PropertyEnumeration.Value.DiscreteValue">
            <summary>
            Gets the discrete <see cref="T:WinProps.PropertyEnumeration.Value"/> of this enumeration. The return is a <see cref="T:System.Tuple"/> containing a <see cref="T:WinProps.PropVariant"/> with the value of the enumeration, and a string with the
            enumeration's display.
            </summary>
        </member>
        <member name="P:WinProps.PropertyEnumeration.Value.Range">
            <summary>
            Gets the minimum and maximum property values of an enumeration value. This property returns a <see cref="T:System.Tuple"/> with two <see cref="T:WinProps.PropVariant"/> objects defining the minimum and
            maximum property values, and a string representing the enumeration value.
            </summary>
        </member>
        <member name="P:WinProps.PropertyEnumeration.Value.DefaultValue">
            <summary>
            Gets the default text for this enumeration <see cref="T:WinProps.PropertyEnumeration.Value"/> 
            </summary>
        </member>
        <member name="P:WinProps.PropertyEnumeration.Value.EndRange">
            <summary>
            Gets the value of an <see cref="F:WinProps.PropertyEnumeration.EnumType.EndRange"/> enumeration type.
            </summary>
        </member>
        <member name="M:WinProps.PropertyEnumeration.Value.Dispose">
            <summary>
            Releases the internal IPropertyEnumType COM pointer
            </summary>
        </member>
        <member name="M:WinProps.PropertyEnumeration.Value.Finalize">
            <summary>
            Ensures the COM pointer is released when the object is finalised.
            </summary>
        </member>
        <member name="T:WinProps.PropertyKey">
            <summary>
            Identifies a Windows Property item. This class encapsulates the native <a href="https://msdn.microsoft.com/en-us/library/windows/desktop/bb773381(v=vs.85).aspx">PROPERTYKEY</a> structure.
            </summary>
        </member>
        <member name="M:WinProps.PropertyKey.#ctor(System.String)">
            <summary>
            Creates a <see cref="T:WinProps.PropertyKey"/>  from either a canonical name or a formatted PropertyKey.
            </summary>
            <param name="formatString">This string may either be the canonical name of a PropertyKey, or a formatted PropertyKey string.
            The former of these formats contain two or more user friendly names, delimited by a period(.) e.g. "System.Title", "System.Image.Dimensions". The other format is a string consisting of the
            PropertyKey's <see cref="P:WinProps.PropertyKey.FmtId"/>, which is a <see cref="T:System.Guid"/>, and the <see cref="P:WinProps.PropertyKey.Pid"/>, which is an integral value. The string will be formatted as "{xxxxxxxx-xxxx-xxxx-xxxx-xxxxxxxxxxxx} nn", 
            where the {xxxxxxxx-xxxx-xxxx-xxxx-xxxxxxxxxxxx} is the formatted Guid, and the nn is the Pid.
            </param>
        </member>
        <member name="M:WinProps.PropertyKey.#ctor(System.Guid,System.UInt32)">
            <summary>
            Creates a <see cref="T:WinProps.PropertyKey"/> with the specified <see cref="P:WinProps.PropertyKey.FmtId"/> and <see cref="P:WinProps.PropertyKey.Pid"/>
            </summary>
            <param name="fmtid">The <see cref="T:System.Guid"/> that identifies this PropertyKey</param>
            <param name="pid">The numerical pid that identifies this PropertyKey</param>
        </member>
        <member name="P:WinProps.PropertyKey.FmtId">
            <summary>
            Gets or sets the <see cref="T:System.Guid"/>  that identifies this <see cref="T:WinProps.PropertyKey"/> 
            </summary>
        </member>
        <member name="P:WinProps.PropertyKey.Pid">
            <summary>
            Gets or sets the numeric property id that identifies this <see cref="T:WinProps.PropertyKey"/> 
            </summary>
        </member>
        <member name="P:WinProps.PropertyKey.CanonicalName">
            <summary>
            Gets the canonical name that identifies this <see cref="T:WinProps.PropertyKey"/> 
            </summary>
        </member>
        <member name="M:WinProps.PropertyKey.CompareTo(WinProps.PropertyKey)">
            <summary>
            Overrides <see cref="M:System.IComparable`1.CompareTo(`0)"/>. Compares two <see cref="T:WinProps.PropertyKey"/>s by <see cref="P:WinProps.PropertyKey.FmtId"/> and <see cref="P:WinProps.PropertyKey.Pid"/> 
            </summary>
            <param name="other">The PropertyKey to compare with</param>
            <returns>An integer value indicating the result of the comparison</returns>
        </member>
        <member name="M:WinProps.PropertyKey.Equals(System.Object)">
            <summary>
            Overrides <see cref="M:System.Object.Equals(System.Object)"/>. Tests two <see cref="T:WinProps.PropertyKey"/>s for equality.
            </summary>
            <param name="obj">The object to test against</param>
            <returns>true if the PropertyKeys are the same, else false</returns>
        </member>
        <member name="M:WinProps.PropertyKey.GetHashCode">
            <summary>
            Overrides <see cref="M:System.Object.GetHashCode"/>.
            </summary>
            <returns>A hash-code for the PropertyKey</returns>
        </member>
        <member name="T:WinProps.PropertyKey.PKeyFormat">
            <summary>
            The format used for converting this <see cref="T:WinProps.PropertyKey"/> <see cref="M:WinProps.PropertyKey.ToString(WinProps.PropertyKey.PKeyFormat)"/> 
            </summary>
        </member>
        <member name="F:WinProps.PropertyKey.PKeyFormat.FormattedKey">
            <summary>
            Formats the PropertyKey as "{<see cref="P:WinProps.PropertyKey.FmtId"/>} <see cref="P:WinProps.PropertyKey.Pid"/>"
            </summary>
        </member>
        <member name="F:WinProps.PropertyKey.PKeyFormat.CanonicalName">
            <summary>
            Formats the PropertyKey into its Canonical name
            </summary>
        </member>
        <member name="M:WinProps.PropertyKey.ToString">
            <summary>
            Overrides <see cref="M:System.Object.ToString"/>. Formats the <see cref="T:WinProps.PropertyKey"/> in its <see cref="F:WinProps.PropertyKey.PKeyFormat.FormattedKey"/> format.
            </summary>
            <returns>A string representation of this PropertyKey</returns>
        </member>
        <member name="M:WinProps.PropertyKey.ToString(WinProps.PropertyKey.PKeyFormat)">
            <summary>
            Formats this <see cref="T:WinProps.PropertyKey"/> according to the required <see cref="T:WinProps.PropertyKey.PKeyFormat"/> 
            </summary>
            <param name="format">The required format for the PropertyKey</param>
            <returns>A string representing this PropertyKey is the specified format</returns>
        </member>
        <member name="M:WinProps.PropertyKey.op_Equality(WinProps.PropertyKey,WinProps.PropertyKey)">
            <summary>
            Tests two <see cref="T:WinProps.PropertyKey"/>s for equality
            </summary>
            <param name="key1">The PropertyKey on the LHS of the equation</param>
            <param name="key2">The PropertyKey on the RHS of the equation</param>
            <returns>True if the PropertyKeys are the same, else false</returns>
        </member>
        <member name="M:WinProps.PropertyKey.op_Inequality(WinProps.PropertyKey,WinProps.PropertyKey)">
            <summary>
            Tests two <see cref="T:WinProps.PropertyKey"/>s for inequality
            </summary>
            <param name="key1">The PropertyKey on the LHS of the equation</param>
            <param name="key2">The PropertyKey on the RHS of the equation</param>
            <returns>True if the PropertyKeys are different, else false</returns>
        </member>
        <member name="P:WinProps.PropertyKey.Keys">
            <summary>
            Gets a collection of all of the <see cref="T:WinProps.PropertyKey"/>s known to the system, indexed by their canonical name
            </summary>
        </member>
        <member name="M:WinProps.PropertyKey.Finalize">
            <summary>
            Ensures that any unmanaged memory is released when the object is finalised
            </summary>
        </member>
        <member name="M:WinProps.PropertyKey.Dispose">
            <summary>
            Frees unmanaged memory allocated for this object
            </summary>
        </member>
        <member name="T:WinProps.PropertyStore">
            <summary>
            Represents the store of properties associated with an item. This class encapsulates the <a href="https://msdn.microsoft.com/en-us/library/windows/desktop/bb761474(v=vs.85).aspx">IPropertyStore</a>,
            the <a href="https://msdn.microsoft.com/en-us/library/windows/desktop/bb761466(v=vs.85).aspx">IPropertyStoreCache</a>, and the 
            <a href="https://msdn.microsoft.com/en-us/library/windows/desktop/bb761452(v=vs.85).aspx">IPropertyStroeCapabilities</a> interfaces.
            </summary>
        </member>
        <member name="T:WinProps.PropertyStore.GetFlags">
            <summary>
            Indicates the source of the <see cref="T:WinProps.PropertyStore"/> 
            </summary>
        </member>
        <member name="F:WinProps.PropertyStore.GetFlags.Default">
            <summary>
            Returns a read-only <see cref="T:WinProps.PropertyStore"/> that contains all properties.
            </summary>
        </member>
        <member name="F:WinProps.PropertyStore.GetFlags.HandlerOnly">
            <summary>
            Returns only properties controlled by the property handler. Invalid combined with <see cref="F:WinProps.PropertyStore.GetFlags.Temporary"/>, <see cref="F:WinProps.PropertyStore.GetFlags.FastOnly"/>, or <see cref="F:WinProps.PropertyStore.GetFlags.BestEffort"/>
            </summary>
        </member>
        <member name="F:WinProps.PropertyStore.GetFlags.ReadWrite">
            <summary>
            Returns properties that may be written back to the item. This flag implies <see cref="F:WinProps.PropertyStore.GetFlags.HandlerOnly"/>, and is invalid combined with <see cref="F:WinProps.PropertyStore.GetFlags.Temporary"/>, <see cref="F:WinProps.PropertyStore.GetFlags.FastOnly"/>,
            <see cref="F:WinProps.PropertyStore.GetFlags.BestEffort"/> or <see cref="F:WinProps.PropertyStore.GetFlags.DelayCreation"/>
            </summary>
        </member>
        <member name="F:WinProps.PropertyStore.GetFlags.Temporary">
            <summary>
            Provides an empty, writeable <see cref="T:WinProps.PropertyStore"/> that exists only for as long as the item that created it. Implies <see cref="F:WinProps.PropertyStore.GetFlags.ReadWrite"/>, but cannot be combined with any other flags.
            </summary>
        </member>
        <member name="F:WinProps.PropertyStore.GetFlags.FastOnly">
            <summary>
            Provides a <see cref="T:WinProps.PropertyStore"/> that does not require reading or writing to the file system or network. Invalid combined with <see cref="F:WinProps.PropertyStore.GetFlags.Temporary"/>, <see cref="F:WinProps.PropertyStore.GetFlags.ReadWrite"/>, 
            <see cref="F:WinProps.PropertyStore.GetFlags.HandlerOnly"/> and <see cref="F:WinProps.PropertyStore.GetFlags.DelayCreation"/> flags.
            </summary>
        </member>
        <member name="F:WinProps.PropertyStore.GetFlags.SlowItem">
            <summary>
            Open a slow item if necessary. Slow items are generally offline files. Invalid in combination with <see cref="F:WinProps.PropertyStore.GetFlags.Temporary"/> or <see cref="F:WinProps.PropertyStore.GetFlags.FastOnly"/>.
            </summary>
        </member>
        <member name="F:WinProps.PropertyStore.GetFlags.DelayCreation">
            <summary>
            Delays access to memory intensive operations, such as opening a file, until a request is made that requires such access. Invalid in combination with <see cref="F:WinProps.PropertyStore.GetFlags.Temporary"/> or <see cref="F:WinProps.PropertyStore.GetFlags.ReadWrite"/> .
            </summary>
        </member>
        <member name="F:WinProps.PropertyStore.GetFlags.BestEffort">
            <summary>
            Does not fail if certain properties are unavailable. Cannot be combined with <see cref="F:WinProps.PropertyStore.GetFlags.Temporary"/>, <see cref="F:WinProps.PropertyStore.GetFlags.ReadWrite"/>, or <see cref="F:WinProps.PropertyStore.GetFlags.HandlerOnly"/> 
            </summary>
        </member>
        <member name="F:WinProps.PropertyStore.GetFlags.NoOplock">
            <summary>
            Obsolete as of Windows Server 2008 and Vista
            Do not obtain an opportunistic lock on the file. Normally, the shell will acquire an oplock on the file before it binds to the property handler. This flag should only ever be used if 
            the caller already has an oplock on the file.
            </summary>
        </member>
        <member name="F:WinProps.PropertyStore.GetFlags.PreferQueryProperties">
            <summary>
            Not applicable to this library. Used for obtaining properties on the indexer for WDS results
            </summary>
        </member>
        <member name="F:WinProps.PropertyStore.GetFlags.Extrinsic">
            <summary>
            Acquire properties from a file's secondary stream
            </summary>
        </member>
        <member name="F:WinProps.PropertyStore.GetFlags.ExtrinsicOnly">
            <summary>
            Acquire properties from a file's secondary stream only
            </summary>
        </member>
        <member name="T:WinProps.PropertyStore.PropertyState">
            <summary>
            Reflects the status of a property within the <see cref="T:WinProps.PropertyStore"/> 
            </summary>
        </member>
        <member name="F:WinProps.PropertyStore.PropertyState.Normal">
            <summary>
            The property is unaltered
            </summary>
        </member>
        <member name="F:WinProps.PropertyStore.PropertyState.NotInSource">
            <summary>
            The property does not exist for the item
            </summary>
        </member>
        <member name="F:WinProps.PropertyStore.PropertyState.Dirty">
            <summary>
            The property has been changed, and has not yet been committed to the store
            </summary>
        </member>
        <member name="F:WinProps.PropertyStore.PropertyState.ReadOnly">
            <summary>
            The property cannot be modified
            </summary>
        </member>
        <member name="M:WinProps.PropertyStore.#ctor">
            <summary>
            Creates an in-memory <see cref="F:WinProps.PropertyStore.GetFlags.ReadWrite"/> <see cref="T:WinProps.PropertyStore"/> 
            </summary>
        </member>
        <member name="M:WinProps.PropertyStore.#ctor(System.String,WinProps.PropertyStore.GetFlags)">
            <summary>
            Loads a <see cref="T:WinProps.PropertyStore"/> for the specified file or extension. Note that if creating a PropertyStore based on extension only, this store will be read only. The <see cref="F:WinProps.PropertyStore.GetFlags.BestEffort"/> 
            should be used for retrieving that store, as the file does not exist to enable the reading of properties that would be stored in it, and any other flags are likely to produce an exception.
            </summary>
            <param name="path">The path or extension of the file the store is required for</param>
            <param name="flags">The <see cref="T:WinProps.PropertyStore.GetFlags"/> indicating the type of store to load</param>
        </member>
        <member name="M:WinProps.PropertyStore.#ctor(System.String,System.Collections.Generic.IEnumerable{WinProps.PropertyKey},WinProps.PropertyStore.GetFlags)">
            <summary>
            Loads a <see cref="T:WinProps.PropertyStore"/> for the specified file or extension, containing only the specified properties. Note that if creating a PropertyStore based on extension only, this store will be read only. The <see cref="F:WinProps.PropertyStore.GetFlags.BestEffort"/> 
            should be used for retrieving that store, as the file does not exist to enable the reading of properties that would be stored in it, and any other flags are likely to produce an exception.
            </summary>
            <param name="path">The path or extension of the file the store is required for</param>
            <param name="keys">The required <see cref="T:WinProps.PropertyKey"/>s</param>
            <param name="flags">The <see cref="T:WinProps.PropertyStore.GetFlags"/> indicating the type of store to load</param>
        </member>
        <member name="M:WinProps.PropertyStore.Dispose">
            <summary>
            Releases the reference to the internal COM objects required for this object
            </summary>
        </member>
        <member name="M:WinProps.PropertyStore.Finalize">
            <summary>
            Ensures all COM objects are released when the object is finalised
            </summary>
        </member>
        <member name="P:WinProps.PropertyStore.Count">
            <summary>
            Gets the number of properties in the <see cref="T:WinProps.PropertyStore"/> 
            </summary>
        </member>
        <member name="P:WinProps.PropertyStore.Item(System.Int32)">
            <summary>
            Gets the <see cref="T:WinProps.PropertyStore"/> in this <see cref="T:WinProps.PropertyStore"/> at the specified <paramref name="index"/>
            </summary>
            <param name="index">The zero-based index of the required property</param>
            <returns>The PropertyKey identifying the property at the specified <paramref name="index"/> </returns>
        </member>
        <member name="P:WinProps.PropertyStore.Item(WinProps.PropertyKey)">
            <summary>
            Gets or sets the value of a property in this <see cref="T:WinProps.PropertyStore"/> 
            </summary>
            <param name="key">The <see cref="T:WinProps.PropertyKey"/> identifying the property value requested</param>
            <returns>A <see cref="T:WinProps.PropVariant"/> containing the requested property value</returns>
        </member>
        <member name="M:WinProps.PropertyStore.GetValue(WinProps.PropertyKey)">
            <summary>
            Gets the value of the specified <see cref="T:WinProps.PropertyKey"/> 
            </summary>
            <param name="propKey">The <see cref="T:WinProps.PropertyKey"/> identifying the required property</param>
            <returns>A <see cref="T:WinProps.PropVariant"/> containing the value of the requested property</returns>
        </member>
        <member name="M:WinProps.PropertyStore.SetValue(WinProps.PropertyKey,WinProps.PropVariant)">
            <summary>
            Gets the value of the specified <see cref="T:WinProps.PropertyKey"/> 
            </summary>
            <param name="propKey">The <see cref="T:WinProps.PropertyKey"/> identifying the required property</param>
            <param name="value">A <see cref="T:WinProps.PropVariant"/> containing the new value for the property</param>
        </member>
        <member name="M:WinProps.PropertyStore.Commit">
            <summary>
            Saves the properties back to the file they were retrieved from
            </summary>
        </member>
        <member name="M:WinProps.PropertyStore.GetEnumerator">
            <summary>
            Gets an <see cref="T:System.Collections.Generic.IEnumerator`1"/> that can iterate the <see cref="T:WinProps.PropertyKey"/>s in this <see cref="T:WinProps.PropertyStore"/> 
            </summary>
            <returns>An enumerator that can iterate the PropertyKeys in this store</returns>
        </member>
        <member name="M:WinProps.PropertyStore.GetState(WinProps.PropertyKey)">
            <summary>
            Gets the <see cref="T:WinProps.PropertyStore.PropertyState"/> for the specified <see cref="T:WinProps.PropertyKey"/>
            </summary>
            <param name="propKey">The PropertyKey identifying the property required</param>
            <returns>The state of the requested property</returns>
        </member>
        <member name="M:WinProps.PropertyStore.SetState(WinProps.PropertyKey,WinProps.PropertyStore.PropertyState)">
            <summary>
            Sets the <see cref="T:WinProps.PropertyStore.PropertyState"/> for the selected <see cref="T:WinProps.PropertyKey"/> 
            </summary>
            <param name="propKey">The PropertyKey identifying the property for the state change</param>
            <param name="state">The new state of the selected property</param>
        </member>
        <member name="M:WinProps.PropertyStore.IsEditable(WinProps.PropertyKey)">
            <summary>
            Determines if a property in this <see cref="T:WinProps.PropertyStore"/>  can be modified
            </summary>
            <param name="propKey">The <see cref="T:WinProps.PropertyKey"/> identifying the property in question</param>
            <returns>True if the property is editable, else false</returns>
        </member>
        <member name="M:WinProps.PropertyStore.AddDefaultsByExtension(System.String)">
            <summary>
            This function adds default properties to a <see cref="F:WinProps.PropertyStore.GetFlags.ReadWrite"/> <see cref="T:WinProps.PropertyStore"/>.
            </summary>
            <param name="extn">The file extension for which the default properties are required</param>
        </member>
        <member name="T:WinProps.VariantTypeException">
            <summary>
            Exception thrown when an attempt is made to change a <see cref="T:WinProps.PropVariant"/>'s type to an incompatible type.
            </summary>
        </member>
        <member name="M:WinProps.VariantTypeException.#ctor(System.String)">
            <summary>
            Creates a <see cref="T:WinProps.VariantTypeException"/> with the specified error message
            </summary>
            <param name="message"></param>
        </member>
        <member name="M:WinProps.VariantTypeException.#ctor(System.String,System.Exception)">
            <summary>
            Creates a <see cref="T:WinProps.VariantTypeException"/> with the specified error message, and a reference to the exception that caused this object to be created.
            </summary>
            <param name="message"></param>
            <param name="inner"></param>
        </member>
        <member name="T:WinProps.PropVariant">
            <summary>
            A container for a property's value
            </summary>
        </member>
        <member name="T:WinProps.PropVariant.GuidFormat">
            <summary>
            The format in which to store a <see cref="T:System.Guid"/> 
            </summary>
        </member>
        <member name="F:WinProps.PropVariant.GuidFormat.Native">
            <summary>
            Stored as a <see cref="T:System.Guid"/>  in the PropVariant
            </summary>
        </member>
        <member name="F:WinProps.PropVariant.GuidFormat.String">
            <summary>
            The <see cref="T:System.Guid"/> is stored as a string
            </summary>
        </member>
        <member name="F:WinProps.PropVariant.GuidFormat.Buffer">
            <summary>
            The <see cref="T:System.Guid"/> is stored as an array of 16 bytes
            </summary>
        </member>
        <member name="M:WinProps.PropVariant.#ctor">
            <summary>
            Creates a new, empty <see cref="T:WinProps.PropVariant"/> 
            </summary>
        </member>
        <member name="M:WinProps.PropVariant.#ctor(WinProps.PropVariant)">
            <summary>
            Creates a new <see cref="T:WinProps.PropVariant"/> and initialises it with the value from another.
            </summary>
            <param name="pv"></param>
        </member>
        <member name="M:WinProps.PropVariant.#ctor(System.Boolean)">
            <summary>
            Creates a new <see cref="T:WinProps.PropVariant"/> and initialises it with a boolean value.
            </summary>
            <param name="boolVal">The initial value of the new PropVariant</param>
        </member>
        <member name="M:WinProps.PropVariant.#ctor(System.Boolean[])">
            <summary>
            Creates a new <see cref="T:WinProps.PropVariant"/> and initialises it with an array of boolean values.
            </summary>
            <param name="boolArray">The initial value of the new PropVariant</param>
        </member>
        <member name="M:WinProps.PropVariant.#ctor(System.Byte[])">
            <summary>
            Creates a new <see cref="T:WinProps.PropVariant"/> and initialises it with an array of bytes.
            </summary>
            <param name="buffer">The initial value of the new PropVariant</param>
        </member>
        <member name="M:WinProps.PropVariant.#ctor(System.Guid,WinProps.PropVariant.GuidFormat)">
            <summary>
            Creates a new <see cref="T:WinProps.PropVariant"/> and initialises it with a <see cref="T:System.Guid"/> 
            </summary>
            <param name="guid">The initial value of the new PropVariant</param>
            <param name="format">The <see cref="T:WinProps.PropVariant.GuidFormat"/> that defines how the PropVariant should save the Guid</param>
        </member>
        <member name="M:WinProps.PropVariant.#ctor(System.Double)">
            <summary>
            Creates a new <see cref="T:WinProps.PropVariant"/> and initialises it with a double precision value.
            </summary>
            <param name="dblVal">The initial value of the new PropVariant</param>
        </member>
        <member name="M:WinProps.PropVariant.#ctor(System.Double[])">
            <summary>
            Creates a new <see cref="T:WinProps.PropVariant"/> and initialises it with an array of double precision values.
            </summary>
            <param name="dblArray">The initial value of the new PropVariant</param>
        </member>
        <member name="M:WinProps.PropVariant.#ctor(System.DateTime)">
            <summary>
            Creates a new <see cref="T:WinProps.PropVariant"/> and initialises it with a <see cref="T:System.DateTime"/> value.
            </summary>
            <param name="dtVal">The initial value of the new PropVariant</param>
        </member>
        <member name="M:WinProps.PropVariant.#ctor(System.DateTime[])">
            <summary>
            Creates a new <see cref="T:WinProps.PropVariant"/> and initialises it with an array of <see cref="T:System.DateTime"/> values.
            </summary>
            <param name="dtArray">The initial value of the new PropVariant</param>
        </member>
        <member name="M:WinProps.PropVariant.#ctor(System.Int16)">
            <summary>
            Creates a new <see cref="T:WinProps.PropVariant"/> and initialises it with a 16 bit integer value.
            </summary>
            <param name="iVal">The initial value of the new PropVariant</param>
        </member>
        <member name="M:WinProps.PropVariant.#ctor(System.Int16[])">
            <summary>
            Creates a new <see cref="T:WinProps.PropVariant"/> and initialises it with an array of 16 bit integer values.
            </summary>
            <param name="array">The initial value of the new PropVariant</param>
        </member>
        <member name="M:WinProps.PropVariant.#ctor(System.Int32)">
            <summary>
            Creates a new <see cref="T:WinProps.PropVariant"/> and initialises it with a 32 bit integer value.
            </summary>
            <param name="iVal">The initial value of the new PropVariant</param>
        </member>
        <member name="M:WinProps.PropVariant.#ctor(System.Int32[])">
            <summary>
            Creates a new <see cref="T:WinProps.PropVariant"/> and initialises it with an array of 32 bit integer values.
            </summary>
            <param name="array">The initial value of the new PropVariant</param>
        </member>
        <member name="M:WinProps.PropVariant.#ctor(System.Int64)">
            <summary>
            Creates a new <see cref="T:WinProps.PropVariant"/> and initialises it with a 64 bit integer value.
            </summary>
            <param name="lVal">The initial value of the new PropVariant</param>
        </member>
        <member name="M:WinProps.PropVariant.#ctor(System.Int64[])">
            <summary>
            Creates a new <see cref="T:WinProps.PropVariant"/> and initialises it with an array of 64 bit integer values.
            </summary>
            <param name="array">The initial value of the new PropVariant</param>
        </member>
        <member name="M:WinProps.PropVariant.#ctor(System.String)">
            <summary>
            Creates a new <see cref="T:WinProps.PropVariant"/> and initialises it with a string value.
            </summary>
            <param name="sValue">The initial value of the new PropVariant</param>
        </member>
        <member name="M:WinProps.PropVariant.#ctor(System.String[])">
            <summary>
            Creates a new <see cref="T:WinProps.PropVariant"/> and initialises it with an array of string values.
            </summary>
            <param name="sValues">The initial value of the new PropVariant</param>
        </member>
        <member name="M:WinProps.PropVariant.#ctor(System.Object)">
            <summary>
            Creates a new <see cref="T:WinProps.PropVariant"/> and initialises it with a variant value.
            </summary>
            <param name="obj">The initial value of the new PropVariant</param>
        </member>
        <member name="M:WinProps.PropVariant.#ctor(System.Object,System.Runtime.InteropServices.VarEnum)">
            <summary>
            Creates a new <see cref="T:WinProps.PropVariant"/> and initialises it with a variant value, changing the type of variant in the process.
            </summary>
            <param name="obj">The initial value of the new PropVariant</param>
            <param name="vt">The type of the new PropVariant</param>
        </member>
        <member name="M:WinProps.PropVariant.#ctor(System.UInt16)">
            <summary>
            Creates a new <see cref="T:WinProps.PropVariant"/> and initialises it with an unsigned 16 bit integer value.
            </summary>
            <param name="uiVal">The initial value of the new PropVariant</param>
        </member>
        <member name="M:WinProps.PropVariant.#ctor(System.UInt16[])">
            <summary>
            Creates a new <see cref="T:WinProps.PropVariant"/> and initialises it with an array of unsigned 16 bit integer values.
            </summary>
            <param name="array">The initial value of the new PropVariant</param>
        </member>
        <member name="M:WinProps.PropVariant.#ctor(System.UInt32)">
            <summary>
            Creates a new <see cref="T:WinProps.PropVariant"/> and initialises it with an unsigned 32 bit integer value.
            </summary>
            <param name="uiVal">The initial value of the new PropVariant</param>
        </member>
        <member name="M:WinProps.PropVariant.#ctor(System.UInt32[])">
            <summary>
            Creates a new <see cref="T:WinProps.PropVariant"/> and initialises it with an array of unsigned 32 bit integer values.
            </summary>
            <param name="array">The initial value of the new PropVariant</param>
        </member>
        <member name="M:WinProps.PropVariant.#ctor(System.UInt64)">
            <summary>
            Creates a new <see cref="T:WinProps.PropVariant"/> and initialises it with an unsigned 64 bit integer value.
            </summary>
            <param name="ulVal">The initial value of the new PropVariant</param>
        </member>
        <member name="M:WinProps.PropVariant.#ctor(System.UInt64[])">
            <summary>
            Creates a new <see cref="T:WinProps.PropVariant"/> and initialises it with an array of unsigned 64 bit integer values.
            </summary>
            <param name="array">The initial value of the new PropVariant</param>
        </member>
        <member name="M:WinProps.PropVariant.FromVectorElement(WinProps.PropVariant,System.Int32)">
            <summary>
            Creates a new <see cref="T:WinProps.PropVariant"/> and initialises it with an element from another PropVariant array.
            </summary>
            <param name="pvIn">The original PropVariant array</param>
            <param name="iElem">The zero based element of the PropVariant array to initialise the new PropVariant with</param>
            <returns>The new PropVariant</returns>
        </member>
        <member name="M:WinProps.PropVariant.FromStringAsVector(System.String)">
            <summary>
            Creates a new <see cref="T:WinProps.PropVariant"/> string array and initialises it with values from a semicolon delimited string
            </summary>
            <param name="psz">The initial semicolon delimited string</param>
            <returns>The new PropVariant</returns>
        </member>
        <member name="M:WinProps.PropVariant.AsVector(WinProps.PropVariant)">
            <summary>
            Creates a <see cref="T:WinProps.PropVariant"/>  vector with a single element containing the value of the PropVariant parameter
            </summary>
            <param name="pvIn">The value to initialise the element of the array with</param>
            <returns>The new PropVariant array</returns>
        </member>
        <member name="M:WinProps.PropVariant.AsType(WinProps.PropVariant,System.Runtime.InteropServices.VarEnum)">
            <summary>
            Creates a new <see cref="T:WinProps.PropVariant"/> , and initialises it with a value passed in a second PropVariant, changing the type of the new value in the process
            </summary>
            <param name="pvIn">The original PropVariant value</param>
            <param name="newType">The type of the new PropVariant</param>
            <returns>The new PropVariant</returns>
        </member>
        <member name="M:WinProps.PropVariant.Copy(WinProps.PropVariant)">
            <summary>
            Duplicates a <see cref="T:WinProps.PropVariant"/>. Note that this is a deep copy, duplicating any data contained in the PropVariant rather than simply copying the pointer.
            </summary>
            <param name="pvIn">The original PropVariant</param>
            <returns>The duplicated PropVariant</returns>
        </member>
        <member name="P:WinProps.PropVariant.Value">
            <summary>
            Gets or sets the value of the <see cref="T:WinProps.PropVariant"/> as a variant object.
            </summary>
        </member>
        <member name="M:WinProps.PropVariant.SetValueAs(System.Runtime.InteropServices.VarEnum,System.Object)">
            <summary>
            Sets the value of a <see cref="T:WinProps.PropVariant"/> to that of a variant object, and then changes its type to that indicated by <paramref name="vt"/>.
            </summary>
            <param name="vt">The type required for the PropVariant</param>
            <param name="value">The new value of the PropVariant</param>
        </member>
        <member name="M:WinProps.PropVariant.ToType``1">
            <summary>
            Coerces a <see cref="T:WinProps.PropVariant"/> value to the specified type. and returns that value as a native instance of that type
            </summary>
            <typeparam name="T">The native type required</typeparam>
            <returns>The value of the PropVariant</returns>
        </member>
        <member name="P:WinProps.PropVariant.Item(System.Int32)">
            <summary>
            Reads an element of an array contained in a <see cref="T:WinProps.PropVariant"/> and returns it in a new PropVariant.
            </summary>
            <param name="iElem">The required element of the current PropVariant</param>
            <returns>The item located at <paramref name="iElem"/></returns>
        </member>
        <member name="P:WinProps.PropVariant.Length">
            <summary>
            The length of the array contained in the current <see cref="T:WinProps.PropVariant"/> 
            </summary>
        </member>
        <member name="P:WinProps.PropVariant.IsDateTime">
            <summary>
            Returns true if this PropVariant contains a Date and Time structure, else false
            </summary>
        </member>
        <member name="P:WinProps.PropVariant.IsFloat">
            <summary>
            Returns true if this <see cref="T:WinProps.PropVariant"/>  contains a floating point number, else false
            </summary>
        </member>
        <member name="P:WinProps.PropVariant.IsInteger">
            <summary>
            Returns true if this <see cref="T:WinProps.PropVariant"/>  contains an integer of any size, else false
            </summary>
        </member>
        <member name="P:WinProps.PropVariant.IsNumber">
            <summary>
            Returns true if this <see cref="T:WinProps.PropVariant"/>  contains a numerical value, else false
            </summary>
        </member>
        <member name="P:WinProps.PropVariant.IsSignedInteger">
            <summary>
            Returns true if this <see cref="T:WinProps.PropVariant"/>  contains a signed integer of any size, else false
            </summary>
        </member>
        <member name="P:WinProps.PropVariant.IsString">
            <summary>
            Returns true if this <see cref="T:WinProps.PropVariant"/> can be represented as a string, else false
            </summary>
        </member>
        <member name="P:WinProps.PropVariant.IsUnsignedInteger">
            <summary>
            True if this <see cref="T:WinProps.PropVariant"/> contains an unsigned integer of any size, else false.
            </summary>
        </member>
        <member name="P:WinProps.PropVariant.IsVector">
            <summary>
            True if this <see cref="T:WinProps.PropVariant"/> contains an array, else false
            </summary>
        </member>
        <member name="M:WinProps.PropVariant.Clear">
            <summary>
            Clears all the data from this <see cref="T:WinProps.PropVariant"/>, releasing any allocated memory if required.
            </summary>
        </member>
        <member name="M:WinProps.PropVariant.Equals(System.Object)">
            <summary>
            Overrides <see cref="M:System.Object.Equals(System.Object)"/>. Returns true if this <see cref="T:WinProps.PropVariant"/>  is equal to the supplied object. This comparison is performed on the <see cref="M:WinProps.PropVariant.ToString"/> representation of the objects.
            </summary>
            <param name="obj">The object to compare to the current PropVariant</param>
            <returns>True if the PropVariants are the same, else false</returns>
        </member>
        <member name="M:WinProps.PropVariant.GetHashCode">
            <summary>
            Overrides <see cref="M:System.Object.GetHashCode"/>. Returns a HashCode calculated on the result of the <see cref="M:WinProps.PropVariant.ToString"/> representation of this object
            </summary>
            <returns>The generated HashCode</returns>
        </member>
        <member name="M:WinProps.PropVariant.ToString">
            <summary>
            Returns a string representation of this <see cref="T:WinProps.PropVariant"/>. The string is formatted as "VarEnum Type : (Native Type)Value"
            </summary>
            <returns>The string representation of this PropVariant</returns>
        </member>
        <member name="M:WinProps.PropVariant.Finalize">
            <summary>
            Ensures unmanaged memory is freed when the PropVariant is finalised
            </summary>
        </member>
        <member name="M:WinProps.PropVariant.Dispose">
            <summary>
            Frees unmanaged memory used by this <see cref="T:WinProps.PropVariant"/> 
            </summary>
        </member>
        <member name="M:WinProps.PropVariant.CompareTo(WinProps.PropVariant)">
            <summary>
            Overrides <see cref="T:System.IComparable`1"/>. This comparer uses the <a href="https://msdn.microsoft.com/en-us/library/windows/desktop/bb776517(v=vs.85).aspx">PropVariantCompareEx</a> function to
            compare the values of two <see cref="T:WinProps.PropVariant"/> objects.
            </summary>
            <param name="other">The PropVariant to compare with this PropVariant</param>
            <returns>An integer indicating the relationship between the two PropVariants</returns>
        </member>
        <member name="M:WinProps.PropVariant.#ctor(System.Runtime.Serialization.SerializationInfo,System.Runtime.Serialization.StreamingContext)">
            <summary>
            Constructor used to deserialise a <see cref="T:WinProps.PropVariant"/> that has previously been serialised. The serialisation process uses the 
            <a href="https://msdn.microsoft.com/en-us/library/windows/desktop/bb776579(v=vs.85).aspx">StgSerializePropVariant</a> and 
            <a href="https://msdn.microsoft.com/en-us/library/windows/desktop/bb776578(v=vs.85).aspx">StgDeserializePropVariant</a> functions to perform
            the serialisation and deserialisation of the value of the PropVariant data, but also includes a DataSize element to provide the length of the serialised data.
            </summary>
            <param name="info">The serialisation data</param>
            <param name="context">Defines the source of the serialisation data</param>
        </member>
        <member name="M:WinProps.PropVariant.GetObjectData(System.Runtime.Serialization.SerializationInfo,System.Runtime.Serialization.StreamingContext)">
            <summary>
            Serialises a <see cref="T:WinProps.PropVariant"/>. The serialisation process uses the 
            <a href="https://msdn.microsoft.com/en-us/library/windows/desktop/bb776579(v=vs.85).aspx">StgSerializePropVariant</a> and 
            <a href="https://msdn.microsoft.com/en-us/library/windows/desktop/bb776578(v=vs.85).aspx">StgDeserializePropVariant</a> functions to perform
            the serialisation and deserialisation of the value of the PropVariant data, but also includes a DataSize element to provide the length of the serialised data.
            </summary>
            <param name="info">The serialisation data</param>
            <param name="context">Defines the destination of the serialisation data</param>
        </member>
        <member name="T:WinProps.ShellItem">
            <summary>
            Represents an Item (File, Folder, or Namespace Extension)
            </summary>
        </member>
        <member name="T:WinProps.ShellItem.Attributes">
            <summary>
            Attributes that can be retrieved on an item
            </summary>
        </member>
        <member name="F:WinProps.ShellItem.Attributes.CanCopy">
            <summary>
            The specified item can be copied
            </summary>
        </member>
        <member name="F:WinProps.ShellItem.Attributes.CanMove">
            <summary>
            The specified item can be moved
            </summary>
        </member>
        <member name="F:WinProps.ShellItem.Attributes.CanLink">
            <summary>
            A .lnk file can be created for the specified item
            </summary>
        </member>
        <member name="F:WinProps.ShellItem.Attributes.Storage">
            <summary>
            Specifies that an item can be bound to an IStorage through IShellFolder.BindToObject
            </summary>
        </member>
        <member name="F:WinProps.ShellItem.Attributes.CanRename">
            <summary>
            Specifies that an item can be renamed
            </summary>
        </member>
        <member name="F:WinProps.ShellItem.Attributes.CanDelete">
            <summary>
            Specifies that an item can be deleted
            </summary>
        </member>
        <member name="F:WinProps.ShellItem.Attributes.HasPropertySheet">
            <summary>
            The specified item has a property sheet
            </summary>
        </member>
        <member name="F:WinProps.ShellItem.Attributes.DropTarget">
            <summary>
            The specified item is a drop target
            </summary>
        </member>
        <member name="F:WinProps.ShellItem.Attributes.System">
            <summary>
            The specified item is a system item
            </summary>
        </member>
        <member name="F:WinProps.ShellItem.Attributes.Encrypted">
            <summary>
            The item is encrypted
            </summary>
        </member>
        <member name="F:WinProps.ShellItem.Attributes.Slow">
            <summary>
            Accessing the item is expected to be a slow operation. Note that querying this flag is also considered to be a slow operation, and should probably be done on a background thread.
            </summary>
        </member>
        <member name="F:WinProps.ShellItem.Attributes.Ghosted">
            <summary>
            The item is unavailable to the user
            </summary>
        </member>
        <member name="F:WinProps.ShellItem.Attributes.Link">
            <summary>
            The item is a shortcut
            </summary>
        </member>
        <member name="F:WinProps.ShellItem.Attributes.Shared">
            <summary>
            The specified item is shared
            </summary>
        </member>
        <member name="F:WinProps.ShellItem.Attributes.ReadOnly">
            <summary>
            The specified item is read-only
            </summary>
        </member>
        <member name="F:WinProps.ShellItem.Attributes.Hidden">
            <summary>
            The specified item is hidden
            </summary>
        </member>
        <member name="F:WinProps.ShellItem.Attributes.FileSystemAncestor">
            <summary>
            Indicates that this item, or one of its descendants, is a system item
            </summary>
        </member>
        <member name="F:WinProps.ShellItem.Attributes.Folder">
            <summary>
            The item is a folder
            </summary>
        </member>
        <member name="F:WinProps.ShellItem.Attributes.FileSystem">
            <summary>
            The item is part of the file system
            </summary>
        </member>
        <member name="F:WinProps.ShellItem.Attributes.HasSubFolder">
            <summary>
            Indicates that the item may have sub-folders
            </summary>
        </member>
        <member name="F:WinProps.ShellItem.Attributes.Validate">
            <summary>
            Input only. Specifies that the call should validate that the item exists
            </summary>
        </member>
        <member name="F:WinProps.ShellItem.Attributes.Removable">
            <summary>
            Indicates that the item is, or resides on, removable media.
            </summary>
        </member>
        <member name="F:WinProps.ShellItem.Attributes.Compressed">
            <summary>
            The item has been compressed
            </summary>
        </member>
        <member name="F:WinProps.ShellItem.Attributes.Browsable">
            <summary>
            The item can be hosted in a browser
            </summary>
        </member>
        <member name="F:WinProps.ShellItem.Attributes.NonEnumerated">
            <summary>
            The items have not come from an enumeration (such as IShellFolder.EnumObjects)
            </summary>
        </member>
        <member name="F:WinProps.ShellItem.Attributes.NewContent">
            <summary>
            The item contains new content, as defined by the application
            </summary>
        </member>
        <member name="F:WinProps.ShellItem.Attributes.Stream">
            <summary>
            The item has an associated stream
            </summary>
        </member>
        <member name="F:WinProps.ShellItem.Attributes.StorageAncestor">
            <summary>
            Children of this item can be accessed through IStream or IStorage interfaces.
            </summary>
        </member>
        <member name="M:WinProps.ShellItem.#ctor(System.String,System.Boolean)">
            <summary>
            Creates a shell item from the specified path.
            </summary>
            <param name="path">The path of the item to create</param>
            <param name="allowFake">Create the item, even if the specified file does not exist. Note that if a directory is supplied as part of the path, it <em>must</em> already exist</param>
        </member>
        <member name="M:WinProps.ShellItem.Dispose">
            <summary>
            Releases the internal COM reference to the IShellItem
            </summary>
        </member>
        <member name="M:WinProps.ShellItem.Finalize">
            <summary>
            Ensures that the COM reference is released on finalisation
            </summary>
        </member>
        <member name="P:WinProps.ShellItem.FullName">
            <summary>
            Returns the full path to this item
            </summary>
        </member>
        <member name="P:WinProps.ShellItem.DisplayName">
            <summary>
            Gets the display name of this item relative to its parent
            </summary>
        </member>
        <member name="P:WinProps.ShellItem.Name">
            <summary>
            Gets the name of this item relative to its parent
            </summary>
        </member>
        <member name="P:WinProps.ShellItem.Parent">
            <summary>
            Gets the Parent ShellItem of this Item
            </summary>
        </member>
        <member name="M:WinProps.ShellItem.GetAttributes(WinProps.ShellItem.Attributes)">
            <summary>
            Gets the selected <see cref="T:WinProps.ShellItem.Attributes"/> for this item
            </summary>
            <param name="mask">The attributes required</param>
            <returns>The results of the item's attributes and the <paramref name="mask"/> attributes</returns>
        </member>
        <member name="M:WinProps.ShellItem.GetBool(WinProps.PropertyKey)">
            <summary>
            Gets the boolean value of the specified <see cref="T:WinProps.PropertyKey"/> 
            </summary>
            <param name="key">The property being requested</param>
            <returns>The boolean result of the property</returns>
        </member>
        <member name="M:WinProps.ShellItem.GetCLSID(WinProps.PropertyKey)">
            <summary>
            Gets the CLSID value of the specified <see cref="T:WinProps.PropertyKey"/> 
            </summary>
            <param name="key">The property being requested</param>
            <returns>The requested CLSID</returns>
        </member>
        <member name="M:WinProps.ShellItem.GetFileTime(WinProps.PropertyKey)">
            <summary>
            Gets the file time from the specified <see cref="T:WinProps.PropertyKey"/> 
            </summary>
            <param name="key">The property being requested</param>
            <returns>The FILETIME duly converted to a DateTime structure</returns>
        </member>
        <member name="M:WinProps.ShellItem.GetInt32(WinProps.PropertyKey)">
            <summary>
            Gets the int value from the specified <see cref="T:WinProps.PropertyKey"/> 
            </summary>
            <param name="key">The property being requested</param>
            <returns>The integer value of the specified property</returns>
        </member>
        <member name="M:WinProps.ShellItem.GetProperty(WinProps.PropertyKey)">
            <summary>
            Gets the value from the specified <see cref="T:WinProps.PropertyKey"/> 
            </summary>
            <param name="key">The property being requested</param>
            <returns>The value of the specified property</returns>
        </member>
        <member name="M:WinProps.ShellItem.GetPropertyDescriptionList(WinProps.PropertyKey)">
            <summary>
            Gets a <see cref="T:WinProps.PropertyDescriptionList"/> from the specified <see cref="T:WinProps.PropertyKey"/> 
            </summary>
            <param name="key">The property list being requested</param>
            <returns>The list of property descriptions specified by the property key</returns>
        </member>
        <member name="M:WinProps.ShellItem.GetPropertyStore(WinProps.PropertyStore.GetFlags)">
            <summary>
            Gets a <see cref="T:WinProps.PropertyStore"/> using the specified <see cref="T:WinProps.PropertyStore.GetFlags"/> 
            </summary>
            <param name="flags">The flags to specify the PropertyStore retrieval method</param>
            <returns>The PropertyStore associated with this item</returns>
        </member>
        <member name="M:WinProps.ShellItem.GetPropertyStoreForKeys(WinProps.PropertyStore.GetFlags,WinProps.PropertyKey[])">
            <summary>
            Gets a <see cref="T:WinProps.PropertyStore"/> containing the nominated properties using the specified <see cref="T:WinProps.PropertyStore.GetFlags"/> 
            </summary>
            <param name="flags">The flags to specify the PropertyStore retrieval method</param>
            <param name="keys">The <see cref="T:WinProps.PropertyKey"/>s required in the store </param>
            <returns>The PropertyStore associated with this item containing the nominated properties</returns>
        </member>
        <member name="M:WinProps.ShellItem.GetString(WinProps.PropertyKey)">
            <summary>
            Gets the string value from the specified <see cref="T:WinProps.PropertyKey"/> 
            </summary>
            <param name="key">The property being requested</param>
            <returns>The string value of the specified property</returns>
        </member>
        <member name="M:WinProps.ShellItem.GetUInt32(WinProps.PropertyKey)">
            <summary>
            Gets the unsigned int value from the specified <see cref="T:WinProps.PropertyKey"/> 
            </summary>
            <param name="key">The property being requested</param>
            <returns>The unsigned integer value of the specified property</returns>
        </member>
        <member name="M:WinProps.ShellItem.GetUInt64(WinProps.PropertyKey)">
            <summary>
            Gets the unsigned long value from the specified <see cref="T:WinProps.PropertyKey"/> 
            </summary>
            <param name="key">The property being requested</param>
            <returns>The unsigned long value of the specified property</returns>
        </member>
        <member name="M:WinProps.ShellItem.Update(System.Runtime.InteropServices.ComTypes.IBindCtx)">
            <summary>
            Ensures any cached data on this item is saved
            </summary>
            <param name="pbc">An <see cref="T:System.Runtime.InteropServices.ComTypes.IBindCtx"/> interface for a Bind Context </param>
        </member>
    </members>
</doc>
